item,Profit,Avg. return on sales,Total Cost,profitPerOrderMade,profitPerQuantitySold,quantity,returnOnCost(%),Distinct count of order id,prediction
3MD-10771J,225,0.272194463,596,112,112,2,0.377100876,2,0
3MD-12627(E),"1,426",0.387301691,"2,249",39,7,211,0.634071,37,0
3MD-1942FB,"2,478",0.410348887,"3,803",50,12,210,0.651584,50,0
3MD-1942FR,66,0.474848614,72,22,17,4,0.911927112,3,0
3MD-1954,"1,487",0.411999919,"2,158",25,10,151,0.689196,59,0
3MD-1954N,"1,648",0.486940814,"1,772",26,13,124,0.930224,64,0
3MD-1956,43,0.496503497,43,43,14,3,0.986111111,1,0
3MD-1983RA,966,0.374042267,"1,570",30,9,107,0.615657,32,0
3MD-2380,76,0.311234568,167,76,25,3,0.451873096,1,0
3MD-30103(E),180,0.241992353,563,60,60,3,0.319833022,3,0
3MD-30413(E),"1,838",0.426230054,"2,413",115,80,23,0.761893,16,0
3MD-30600,273,0.418790333,405,18,9,30,0.674815,15,0
3MD-31642(E),"9,248",0.190713505,"39,936",83,36,258,0.231564,112,0
3MD-31712(E),"2,772",0.238738976,"8,844",89,21,132,0.313389,31,0
3MD-31752(E),393,0.314952322,843,44,36,11,0.466057,9,0
3MD-31765(E),"1,324",0.285617715,"3,602",102,58,23,0.367458,13,0
3MD-3505(E),448,0.202879539,"1,770",37,11,41,0.253149,12,0
3MD-3525,"4,950",0.745700052,"1,687",215,190,26,2.934483,23,0
3MD-3525(E),"16,282",0.318561503,"35,363",58,35,470,0.460440,280,1
3MD-3525(TE),"19,315",0.686912467,"8,645",149,78,247,2.234295,130,1
3MD-3525TK,214,0.550553931,140,71,53,4,1.528285714,3,0
3MD-3525TKA,560,0.670589729,280,112,35,16,1.999429,5,0
3MD-37010,354,0.206870232,"1,372",51,22,16,0.258166,7,0
3MD-37231(E),"1,170",0.216572445,"4,257",62,24,49,0.274764,19,0
3MD-38216,280,0.516015254,283,28,12,23,0.989545,10,0
3MD-38236,495,0.422174997,681,18,17,29,0.726633,27,0
3MD-38265,480,0.371026809,847,28,22,22,0.566641,17,0
3MD-41258,"4,761",0.277340425,"12,782",57,24,199,0.372498,84,0
3MD-41258(E),"6,494",0.378500935,"11,280",56,17,376,0.575736,117,0
3MD-41263,18,0.393111111,27,18,18,1,0.647748078,1,0
3MD-41926,873,0.230074869,"2,657",97,27,32,0.328772,9,0
3MD-41926(X2),710,0.219704053,"2,657",79,44,16,0.267372,9,0
3MD-44130,463,0.564268884,360,27,7,71,1.287024,17,0
3MD-44313,461,0.377725557,749,33,3,141,0.615512,14,0
3MD-46954,289,0.239806523,823,41,19,15,0.351595,7,0
3MD-46956,"3,185",0.299574139,"7,650",46,22,142,0.416399,70,0
3MD-46957,365,0.278519097,943,61,20,18,0.387479,6,0
3MD-4720A3(E),426,0.254397594,"1,277",61,5,84,0.333302,7,0
3MD-4720B2(E),321,0.296582114,789,36,6,52,0.407370,9,0
3MD-4862A2(E),107,0.308279812,266,36,13,8,0.4016486,3,0
3MD-4864A2,85,0.323106739,181,28,21,4,0.468570164,3,0
3MD-51102(E),"4,677",0.199321773,"19,764",31,6,814,0.236643,153,0
3MD-56061(E),408,0.208735627,"1,572",37,18,23,0.259585,11,0
3MD-56660,582,0.492569271,594,23,15,40,0.978550,25,0
3MD-56816,580,0.094336832,"5,572",26,21,28,0.104058,22,0
3MD-56818,215,0.096569538,"2,130",27,20,11,0.10078582,8,0
3MD-56819,126,0.228447555,426,25,25,5,0.296113655,5,0
3MD-56846,"1,724",0.284501798,"4,382",59,30,58,0.393423,29,0
3MD-56848,"1,679",0.286923121,"4,155",56,31,55,0.403968,30,0
3MD-56849,"1,212",0.279667383,"2,961",87,71,17,0.409265,14,0
3MD-56861,180,0.196701318,756,26,20,9,0.23750595,7,0
3MD-56872,28,0.145249031,162,14,14,2,0.170127302,2,0
3MD-56877,"10,499",0.462696446,"12,428",62,35,301,0.844736,169,0
3MD-56878,"2,966",0.471390815,"3,331",54,35,85,0.890341,55,0
3MD-56890,"1,664",0.282059359,"4,218",72,44,38,0.394365,23,0
3MD-56941(E),"2,604",0.3922698,"4,190",41,27,98,0.621318,64,0
3MD-5904A1(E),497,0.383692993,807,28,7,75,0.615651,18,0
3MD-5904A2(E),"1,790",0.422455222,"2,481",45,7,239,0.721596,40,0
3MD-5904A3(E),721,0.445767641,893,34,8,86,0.808207,21,0
3MD-5904A3.5(E),192,0.48312867,228,32,9,22,0.840777719,6,0
3MD-5904UD(E),59,0.437981347,86,15,8,7,0.691913307,4,0
3MD-5905A1,"2,041",0.315549468,"4,441",49,13,159,0.459536,42,0
3MD-5905A2,"4,712",0.305396907,"10,968",53,12,392,0.429639,89,0
3MD-5905A3,"1,611",0.31904584,"3,553",62,13,127,0.453262,26,0
3MD-5905A3.5,"1,039",0.378173709,"1,735",31,17,62,0.598746,34,0
3MD-6020A1(E),"2,864",0.390083651,"4,563",36,9,322,0.627713,80,0
3MD-6020A2(E),"7,381",0.368668643,"13,036",40,8,920,0.566162,184,0
3MD-6020A3,9,0.050697674,163,9,1,8,0.053405194,1,0
3MD-6020A3(E),"3,913",0.37907442,"6,702",37,8,473,0.583827,105,0
3MD-6020A3.5(E),645,0.40044181,978,29,9,69,0.660172,22,0
3MD-6020A4,33,0.258095238,93,16,8,4,0.3478819,2,0
3MD-6020A4(E),297,0.432642439,397,27,11,28,0.748664,11,0
3MD-6020B1(E),414,0.406311656,596,30,10,42,0.695023,14,0
3MD-6020B2(E),265,0.481401352,294,38,13,21,0.900340,7,0
3MD-6020C2,341,0.5177535,304,57,26,13,1.122478,6,0
3MD-6020UD(E),375,0.534499532,338,29,16,24,1.109079,13,0
3MD-6021A1,"1,380",0.315345507,"3,099",49,18,77,0.445130,28,0
3MD-6021A2,"4,508",0.275658074,"12,075",63,15,300,0.373322,72,0
3MD-6021A3,916,0.264722997,"2,536",61,15,63,0.361140,15,0
3MD-6021A3.5,626,0.311788629,"1,409",45,18,35,0.444160,14,0
3MD-6021A4,98,0.417207839,142,33,24,4,0.687552862,3,0
3MD-6021B1,522,0.425595176,745,47,25,21,0.700834,11,0
3MD-6021B2,73,0.330418944,147,24,18,4,0.493471164,3,0
3MD-6029A1B-US,102,0.4248031,138,34,34,3,0.738535101,3,0
3MD-6029A2B(EU),120,0.268842883,322,60,17,7,0.371316794,2,0
3MD-6029A3B(EU),117,0.458705882,138,39,39,3,0.847424473,3,0
3MD-6029A3B-US,111,0.446662658,138,37,37,3,0.807215823,3,0
3MD-6032A1(EU),291,0.322060516,623,29,21,14,0.467843,10,0
3MD-6032A2(EU),192,0.218613139,685,27,12,16,0.279775806,7,0
3MD-6LL4,16,0.43135075,20,16,8,2,0.758553275,1,0
3MD-6LL5,15,0.423495702,20,15,7,2,0.734592445,1,0
3MD-6LR5,31,0.515080471,31,15,10,3,1.008797654,2,0
3MD-6UL3,66,0.618778572,40,33,16,4,1.631578947,2,0
3MD-6UR7,20,0.493963783,20,20,10,2,0.976143141,1,0
3MD-712-034,168,1,0,168,84,2,0,1,0
3MD-712-035,"6,782",0.536665008,"5,595",62,49,138,1.212340,109,0
3MD-712-036,"32,721",0.59874716,"21,157",105,66,497,1.546574,313,1
3MD-71210,304,0.351190327,560,43,20,15,0.542582,7,0
3MD-71225,107,0.494085634,115,15,10,11,0.927376722,7,0
3MD-71521,92,0.232029336,300,23,18,5,0.305,4,0
3MD-71522,"1,024",0.267936485,"2,965",60,18,56,0.345501,17,0
3MD-7301,208,0.695606695,91,52,52,4,2.287220026,4,0
3MD-7301(X2),104,0.362854067,182,52,26,4,0.569499341,2,0
3MD-7302,"1,842",0.839373437,350,92,53,35,5.256172,20,0
3MD-7302(X2),58,0.426671535,80,29,14,4,0.721653347,2,0
3MD-7307,286,0.408854252,432,22,9,32,0.661806,13,0
3MD-7312,"2,965",0.273993788,"8,406",44,13,237,0.352739,67,0
3MD-7510,"6,399",0.440695158,"8,478",42,23,281,0.754833,152,0
3MD-7512L,68,0.307380373,154,34,11,6,0.443793911,2,0
3MD-7542(E),21,0.09657871,198,5,2,11,0.108463601,4,0
3MD-7572,"4,361",0.23553168,"14,142",57,45,96,0.308409,76,0
3MD-77949,94,0.425818182,126,31,23,4,0.741608613,3,0
3MD-907012,26,0.333207547,53,26,9,3,0.499717035,1,0
3MD-907024,62,0.292830189,150,31,8,8,0.414087513,2,0
3MD-907033,18,0.333207547,35,18,9,2,0.499717035,1,0
3MD-907041,62,0.324354244,128,31,9,7,0.480065538,2,0
3MD-907042,29,0.4471875,35,29,14,2,0.8089316,1,0
3MD-907043,58,0.351932362,106,19,10,6,0.546406338,3,0
3MD-C-180,63,0.287909091,157,63,63,1,0.404315077,1,0
3MD-DLL2,31,0.291904762,74,31,6,5,0.412239408,1,0
3MD-DLL3,126,0.469064189,140,32,9,14,0.901669759,4,0
3MD-DLL4,214,0.487835535,222,27,10,22,0.966913424,8,0
3MD-DLL5,189,0.48616342,191,27,10,19,0.988710605,7,0
3MD-DLL6,27,0.269287469,74,27,5,5,0.368527236,1,0
3MD-DLR3,167,0.477357545,181,28,9,18,0.919342381,6,0
3MD-DLR4,161,0.493724406,161,27,10,16,1.000682721,6,0
3MD-DLR5,206,0.463344514,232,26,9,23,0.887871854,8,0
3MD-DUL3,205,0.479754958,222,29,9,22,0.927417171,7,0
3MD-DUL4,198,0.478975251,211,28,9,21,0.936397598,7,0
3MD-DUL5,220,0.489516458,222,28,10,22,0.993770877,8,0
3MD-DUR3,28,0.270904645,75,28,6,5,0.37156271,1,0
3MD-DUR4,138,0.479166667,150,23,9,15,0.92,6,0
3MD-DUR5,296,0.487923673,302,42,10,30,0.979828,7,0
3MD-DUR6,58,0.278743961,149,29,6,10,0.386470194,2,0
3MD-ELL2,40,0.362076749,71,40,8,5,0.567586695,1,0
3MD-ELL3,136,0.483793994,141,27,10,14,0.962760675,5,0
3MD-ELL4,149,0.472761483,161,30,9,16,0.924031778,5,0
3MD-ELL5,159,0.451069478,191,32,8,19,0.830450008,5,0
3MD-ELR3,152,0.542197488,125,51,12,13,1.21726975,3,0
3MD-ELR4,134,0.529734615,116,67,11,12,1.16233991,2,0
3MD-ELR5,211,0.472918623,232,30,9,23,0.91019386,7,0
3MD-ELR7,30,0.29,75,30,6,5,0.408450704,1,0
3MD-EUL3,118,0.524607304,106,24,11,11,1.115736807,5,0
3MD-EUL4,260,0.464775407,292,33,9,29,0.890559189,8,0
3MD-EUL5,122,0.481913087,131,30,9,13,0.930715759,4,0
3MD-EUR2,49,0.291686461,119,25,6,8,0.411804158,2,0
3MD-EUR3,593,0.50031603,564,42,11,56,1.051532,14,0
3MD-EUR4,105,0.497127937,106,21,10,11,0.988577362,5,0
3MD-ND96,234,0.175892423,"1,098",47,47,5,0.213612136,5,0
3MM-1527-1(6),3,0.112068966,21,1,1,2,0.126213592,2,0
3MM-1527-1-12,454,0.124834811,"3,089",2,1,314,0.147092,247,0
3MM-1527-2,676,0.101747262,"5,541",2,1,498,0.121917,424,0
3MM-1537,187,0.281540803,478,7,6,34,0.391871246,27,0
3MM-1537(X4),383,0.237187181,"1,209",6,4,87,0.317035,62,0
3MM-1539,363,0.145856011,"2,073",3,2,146,0.175048,130,0
3MM-1539(20),326,0.145794312,"1,888",4,3,108,0.172550,93,0
3MM-1539(X3),308,0.079106243,"3,625",1,1,265,0.084977,208,0
3MM-1539(X4),30,0.031602756,754,1,1,44,0.039709276,41,0
3MM-1547(B),57,0.240906075,177,14,6,9,0.319043321,4,0
3MM-1622W,91,0.097078672,790,8,2,40,0.11575697,11,0
3MM-1624W,"8,445",0.278410763,"19,815",9,7,"1,133",0.426160,985,0
3MM-1624W(10),10,0.048988095,182,0,0,32,0.057559901,28,0
3MM-1624W(20),241,0.183633563,943,2,1,220,0.255403126,155,0
3MM-1624W(20B),"1,477",0.245003345,"3,965",2,2,921,0.372472,718,0
3MM-1624W(50),79,0.317148438,170,5,5,16,0.465481726,16,0
3MM-1624W(B),912,0.066376317,"11,838",1,1,797,0.077038,698,0
3MM-1626W,"5,305",0.213300931,"16,429",7,6,907,0.322899,709,0
3MM-1626W(10),"2,067",0.165410955,"9,523",1,1,"2,063",0.217092,"1,387",0
3MM-1626W(B),"1,086",0.113681843,"8,108",2,2,504,0.133880,460,0
3MM-1626W(C),167,0.117651476,"1,268",3,2,82,0.131946635,65,0
3MM-1626W(DOUBLE PACK-1),143,0.095056786,"1,346",4,3,45,0.106291898,38,0
3MM-1626W(DOUBLE PACK-2),111,0.169526206,544,7,6,18,0.204160388,16,0
3MM-1626W(X2),198,0.088149782,"2,111",4,3,72,0.093926473,53,0
3MM-1626W(X2B),343,0.081739891,"3,897",3,3,131,0.087893,117,0
3MM-1626W-25 PACK,933,0.57752923,681,7,6,156,1.370264,136,0
3MM-1628,192,0.288877482,439,8,6,33,0.436539206,23,0
3MM-2113,553,0.179173685,"2,533",14,14,39,0.218236,39,0
3MM-2113R,725,0.160530814,"3,776",13,13,58,0.192097,55,0
3MM-2146,482,0.18982339,"2,028",16,16,30,0.237594,30,0
3MM-2155,96,0.136729648,606,11,11,9,0.158314914,9,0
3MM-2161,"2,516",0.219064056,"9,039",44,43,59,0.278312,57,0
3MM-2165,688,0.136973119,"4,336",24,24,29,0.158717,29,0
3MM-2178,"1,758",0.26944381,"4,764",57,57,31,0.368997,31,0
3MM-2560,976,0.213487086,"2,699",5,2,478,0.361452,185,0
3MM-2560(100),"1,183",0.222030164,"3,997",7,3,376,0.295970,177,0
3MM-2560(50),20,-0.003423687,"1,382",0,0,184,0.014758759,53,0
3MM-2560(X2),"4,335",0.238927148,"11,678",10,4,"1,173",0.371227,437,0
3MM-2862(2),-9,-0.011384888,860,0,0,95,-0.010485934,64,0
3MM-2862(3),-40,-0.03866587,"1,304",0,0,117,-0.030946886,82,0
3MM-2862(X12),46,0.278157626,118,15,15,3,0.38902975,3,0
3MM-2863(2),247,0.091918736,"2,311",1,1,246,0.107081967,184,0
3MM-2864(3),14,0.162455253,74,3,3,5,0.194368879,5,0
3MM-2866,122,0.192237948,499,4,2,60,0.2447254,31,0
3MM-2866(1),60,0.404170008,89,15,5,12,0.67833109,4,0
3MM-3346E,153,0.072068646,"1,915",1,1,180,0.079646757,162,0
3MM-3346E(X3),659,0.174729538,"3,094",6,5,138,0.212833,119,0
3MM-6151,675,0.137248467,"4,240",23,22,30,0.159179,29,0
3MM-6152,"1,572",0.117622676,"12,689",18,17,90,0.123888,89,0
3MM-6155,866,0.093919583,"8,286",15,15,59,0.104533,59,0
3MM-6156,619,0.135309723,"3,956",22,22,28,0.156496,28,0
3MM-6158,794,0.088332644,"8,149",13,13,59,0.097429,59,0
3MM-6165,"3,492",0.208621302,"13,237",38,38,92,0.263822,92,0
3MM-6166,"2,520",0.174105018,"13,917",26,26,98,0.181051,98,0
3MM-6168,682,0.138881161,"4,228",23,23,30,0.161285,30,0
3MM-AC-036,"1,207",0.189236868,"4,572",1,1,999,0.263908,807,0
3MM-AC-036(X2),185,0.200092157,730,2,2,100,0.253768122,93,0
3MM-B1550,56,0.470156719,64,19,14,4,0.887350535,3,0
3MM-B1551,123,0.459996684,142,18,15,8,0.864836325,7,0
3MM-B1557,101,0.448401715,112,25,25,4,0.897104677,4,0
3MM-H1546,128,0.2002836,450,2,1,108,0.284660832,84,0
3MM-H1547,140,0.189566194,458,2,1,119,0.305335343,93,0
3MM-H1624,753,0.25358346,"1,891",3,2,490,0.398304,239,0
3MM-H1626,681,0.232004806,"2,088",3,1,456,0.326077,222,0
3MM-R1540 (10),92,0.098386202,766,1,1,159,0.119867437,141,0
3MM-R1540(10),135,0.247031632,397,2,1,100,0.339698594,89,0
3MM-R1541(20),175,0.21200408,591,2,2,101,0.296828459,82,0
3MM-R1541+R1547(10 PACK/5 EACH),506,0.299480093,"1,124",2,2,239,0.450480,219,0
3MM-R1542 (5),39,0.268524722,92,1,1,28,0.426913902,28,0
3MM-R1546 (5),539,0.256653714,"1,402",2,1,360,0.384141,287,0
3MM-R1546(50),363,0.181337964,"1,604",6,5,78,0.226357,66,0
3MM-R1546(B),"1,002",0.130276149,"6,615",4,3,328,0.151419,281,0
3MM-R1547,"-4,706",-0.898407945,"9,974",-11,-9,544,-0.471791371,442,0
3MM-R1547(10),"5,744",0.180655704,"23,565",2,1,"4,189",0.243734,"3,696",0
3MM-R1547(50 PACK),"1,268",0.126986564,"4,790",19,5,233,0.264799,66,0
3MM-R1547(A),281,0.102050189,"2,422",4,3,110,0.115988,77,0
3MM-R1547(B),375,0.221498253,"1,272",9,6,64,0.294458,44,0
3MM-R1548 (5),61,0.147234389,292,2,1,60,0.210179949,32,0
3MM-SLT-1(X2),344,0.186127964,"1,446",3,2,150,0.238131,125,0
3MM-SLT-1(X4),493,0.203673991,"1,907",5,5,102,0.258356,95,0
ACT-261001,154,0.254274056,466,39,31,5,0.330788204,4,0
ACT-261005,"1,914",0.274738945,"4,993",24,22,89,0.383384,79,0
ACT-261030,"3,475",0.270537534,"9,419",51,34,101,0.368941,68,0
ACT-F00245,"2,332",0.552112814,"1,832",93,42,56,1.273191,25,0
ACT-F00246,"1,523",0.392703901,"2,442",63,21,73,0.623503,24,0
ACT-F00247,49,0.427858475,65,24,24,2,0.75355377,2,0
ACT-F00253,199,0.30285128,487,40,14,14,0.408101671,5,0
ACT-F00254,"3,405",0.530924838,"3,107",131,36,95,1.095828,26,0
ACT-F00369,"5,347",0.456319309,"6,342",111,38,142,0.843186,48,0
ATI-GG3/28,26,0.685714286,12,13,9,3,2.104575163,2,0
BEA-FG1/2,28,0.327473807,58,28,28,1,0.486930933,1,0
BEA-FG1/4,30,0.343522727,58,30,30,1,0.52328198,1,0
BEA-FG1157,42,0.272447013,113,21,21,2,0.374470339,2,0
BEA-FG1557,32,0.357888889,58,32,32,1,0.557362866,1,0
BEA-FG2,49,0.299752781,113,49,24,2,0.428067079,1,0
BEA-FG245,417,0.273871986,"1,179",35,21,20,0.353460,12,0
BEA-FG3,24,0.296341463,58,24,24,1,0.421143847,1,0
BEA-FG330,"1,389",0.245703134,"4,540",37,18,77,0.305986,38,0
BEA-FG331,241,0.28090571,635,34,22,11,0.37945143,7,0
BEA-FG4,75,0.304796063,173,37,25,3,0.43141325,2,0
BEA-FG556,95,0.362873563,166,95,32,3,0.569547177,1,0
BEA-FG557,734,0.226957537,"2,594",35,17,44,0.282819,21,0
BEA-FG558,79,0.329552446,173,39,26,3,0.452805166,2,0
BEA-FG6,88,0.32200982,173,44,29,3,0.505394957,2,0
BEA-FG700,57,0.333764706,113,57,28,2,0.500971217,1,0
BEA-FG701,40,0.258279846,116,40,20,2,0.348217376,1,0
BEA-FGOS557,964,0.388557454,"1,488",69,64,15,0.648179,14,0
BEA-FGOS701,218,0.238158859,694,36,31,7,0.313464862,6,0
BEA-FGOS701(10),24,0.548063781,20,12,12,2,1.212701613,2,0
BEA-FGOS702(10),36,0.436905831,48,18,7,5,0.760965373,2,0
BEA-FGSS330,445,0.31787168,"1,040",37,25,18,0.427589,12,0
BEA-FGSS330(10),80,0.524913479,81,20,6,14,0.986406327,4,0
BEA-FGSS331,143,0.282991771,413,48,20,7,0.347160302,3,0
BEA-FGSS4,37,0.391894737,58,37,37,1,0.644452138,1,0
BEA-RA2,30,0.322150538,63,30,30,1,0.475253807,1,0
BEA-RA3,25,0.281787709,64,25,25,1,0.392345986,1,0
BEA-RAOS2,48,0.329655172,97,48,48,1,0.491769547,1,0
BEA-RAOS4,48,0.329241379,97,48,48,1,0.49084927,1,0
BEA-TF7404,76,0.291961538,184,76,76,1,0.412352654,1,0
BEA-TF7406,318,0.295577956,737,106,80,4,0.431712,3,0
BEA-TF7408,110,0.229790795,368,55,55,2,0.298348544,2,0
BEA-TF7901,135,0.196069869,552,45,45,3,0.243889191,3,0
BEA-TF7901(10),164,0.263304731,460,27,7,25,0.357305812,6,0
BEA-TF7902,452,0.285503928,"1,104",75,75,6,0.409260,6,0
BEU-0283-0293-31(X2),438,0.464907931,509,13,9,48,0.861160,34,0
BEU-0283-0679-02,564,0.320584242,"1,187",14,12,48,0.474876,41,0
BEU-0283-0871-31,307,0.278834229,780,4,3,96,0.393959,87,0
BRO-HBMC-R,256,0.164105831,"1,320",3,3,83,0.194118182,82,0
BRO-HDFB-R,894,0.185032903,"3,867",4,3,259,0.231115,238,0
BRO-HGCS-R,276,0.145968559,"1,588",3,3,99,0.173739,99,0
BRO-HIES-R,366,0.408316245,530,18,16,23,0.690296,20,0
BRO-HNBO-R,478,0.148603965,"2,832",3,3,153,0.168640,141,0
BRO-HRLC-R,356,0.193732235,"1,518",4,4,95,0.234599,94,0
BRO-HSAM-R,160,0.308677655,355,8,8,20,0.448704605,20,0
BSN-76168,334,0.176486524,"1,518",4,3,100,0.220341,86,0
CON-125264E,346,0.426852711,463,18,16,21,0.746813,19,0
CON-125265E,636,0.473454987,699,32,21,30,0.909575,20,0
CON-183910,554,0.283431864,"1,294",5,4,151,0.428277,103,0
CON-183910(X3),"1,099",0.214778637,"3,981",8,6,179,0.276107,145,0
CON-183910E,188,0.45080057,226,8,6,30,0.831389699,24,0
CON-183910E(X3),552,0.347457699,"1,032",11,10,58,0.534864,52,0
CON-187660,652,0.19263501,"2,578",7,4,160,0.252909,98,0
CON-187660-1,19,0.067761446,346,1,1,29,0.05498252,21,0
CON-187955,"1,214",0.354965001,"2,093",18,15,79,0.579924,69,0
CON-22771,"3,366",0.24356271,"10,310",13,9,384,0.326519,258,0
CON-413155,29,0.407878018,42,29,29,1,0.688841202,1,0
CON-420671,506,0.306795254,"1,149",11,8,60,0.440584,48,0
CON-420680,21,0.414965986,29,21,21,1,0.709302326,1,0
COV-8881412012,734,0.368896459,"1,520",22,4,200,0.483013,34,0
COV-8881450004,23,0.46,28,23,12,2,0.851851852,1,0
COV-8881471232,65,0.366272133,113,33,3,20,0.578014184,2,0
COV-8881513843(E),57,0.430454545,75,9,9,6,0.755786113,6,0
COV-8881513843(EU),174,0.482450627,233,22,10,17,0.74371278,8,0
COV-8881513850(E),"2,091",0.486232258,"2,540",697,11,185,0.823192,3,0
CRA-CR3226,678,0.441745716,904,56,3,266,0.749558,12,0
CRA-CR3227,469,0.46682811,534,36,3,157,0.878662,13,0
CRA-CR3336,201,0.39568328,309,50,4,48,0.649585921,4,0
CRA-CR7815,"1,012",0.529123626,899,63,4,263,1.124608,16,0
CWH-250007AA,57,0.518181818,53,29,29,2,1.075471698,2,0
CWH-4970,219,0.9135,21,219,110,2,10.56069364,1,0
CWH-60019803,23,0.389064844,37,23,23,1,0.636834925,1,0
CWH-H00750,643,0.4069249,929,40,22,29,0.692151,16,0
CWH-H00815,18,0.344528302,35,18,9,2,0.525618883,1,0
CWH-H00818,50,0.452395082,61,17,6,8,0.818553665,3,0
CWH-H00825,26,0.404968944,38,26,7,4,0.680584551,1,0
CWH-H00839,54,0.429444444,72,18,8,7,0.752677702,3,0
CWH-H01415,545,0.4453577,698,27,7,79,0.780968,20,0
CWH-H02147,109,0.321086608,228,36,4,26,0.47769582,3,0
CWH-H04642,76,0.614124294,48,38,11,7,1.591508053,2,0
CWH-H05032,"1,180",0.341010953,"2,683",42,4,332,0.439893,28,0
CWH-H05690,33,0.55049505,27,17,6,6,1.224669604,2,0
CWH-H09105,745,0.389840647,"1,220",34,10,73,0.610388,22,0
CWH-H09928,164,0.375269855,312,23,7,23,0.525266128,7,0
CWH-H09945,925,0.336971847,"1,849",36,11,83,0.500022,26,0
CWH-H09946,527,0.400525529,861,25,14,39,0.612098,21,0
CWH-P-244-5.5,39,0.48575,41,39,39,1,0.944579485,1,0
CWH-P-42-3,28,0.376375839,46,28,14,2,0.603529918,1,0
CWH-P-42-4,52,0.426419753,70,26,17,3,0.743435213,2,0
CWH-P-42-4.5,304,0.410039329,465,20,15,20,0.655187,15,0
CWH-P-42-5,97,0.391296951,160,19,14,7,0.60761237,5,0
CWH-P-44-3,142,0.210644771,523,36,12,12,0.272124063,4,0
CWH-P-44-4,149,0.327477084,305,21,21,7,0.487904019,7,0
CWH-P-683-0,514,0.381700283,891,34,26,20,0.577543,15,0
CWH-P-684-0,39,0.288365243,97,39,20,2,0.405215232,1,0
CWH-P-685-0,264,0.326542162,554,26,22,12,0.476608,10,0
CWH-PF-171-3,26,0.32875,54,26,13,2,0.489757914,1,0
CWH-PF-171-4,611,0.356446303,"1,177",29,14,43,0.519332,21,0
CWH-PF-171-4.5,284,0.371078092,539,47,13,22,0.527908,6,0
CWH-PF-171-5,285,0.363626958,548,29,14,20,0.520818,10,0
CWH-PF-171-5.5,102,0.5104,98,34,26,4,1.04248366,3,0
CWH-PF-171-6,140,0.533714286,122,28,28,5,1.144607843,5,0
CWH-PF-180,99,0.30899707,222,50,50,2,0.447761866,2,0
CWH-PF-181-4.5,62,0.456,73,21,21,3,0.838235294,3,0
CWH-UC-30,903,0.47561915,"1,144",53,11,82,0.789230,17,0
CWH-UC-32,699,0.449143494,859,47,11,61,0.813525,15,0
DAN-15201,181,0.556215032,152,20,8,24,1.18503937,9,0
DAN-15301,51,0.512,49,26,6,8,1.049180328,2,0
DAN-21000-03,246,0.245484606,754,35,35,7,0.326161071,7,0
DAN-85051,403,0.301130419,936,34,8,48,0.430969,12,0
DAN-85052,447,0.298212171,"1,052",37,8,54,0.424425,12,0
DAN-87001,74,0.425823755,102,37,18,4,0.727362205,2,0
DAN-89432,28,0.267307692,76,28,7,4,0.364829396,1,0
DAN-89434,21,0.280943026,55,21,7,3,0.390710383,1,0
DAN-90157,90,0.29348946,213,45,22,4,0.419932496,2,0
DAN-91024,204,0.309101609,462,41,23,9,0.442776044,5,0
DAN-91074,237,0.440706785,311,22,17,14,0.761454919,11,0
DAN-92964,175,0.334616213,370,44,25,7,0.472406897,4,0
DAN-93324,53,0.333375,107,53,27,2,0.500093756,1,0
DEN-122210,234,0.406589187,358,59,26,9,0.655063468,4,0
DEN-540293,23,0.353773585,41,23,4,6,0.547445255,1,0
DEN-540858,88,0.43775,112,29,18,5,0.778568253,3,0
DEN-540860,130,0.513444502,131,43,5,24,0.993449116,3,0
DEN-540927,468,0.444444444,585,43,18,26,0.800000,11,0
DEN-540934,272,0.600203634,180,27,8,33,1.510823,10,0
DEN-550294,58,0.385733333,92,29,29,2,0.627957456,2,0
DEN-550773,22,0.4356,28,22,22,1,0.771793055,1,0
DEN-550774,29,0.385733333,46,29,29,1,0.627957456,1,0
DEN-605602,"4,541",0.57032767,"3,650",29,10,444,1.244131,154,0
DEN-60578320,245,0.365009467,447,31,24,10,0.547571077,8,0
DEN-608522,325,0.682272033,145,30,18,18,2.243616,11,0
DEN-609001,"1,414",0.32230401,"2,986",33,22,64,0.473592,43,0
DEN-610007,"14,429",0.462258763,"16,860",29,19,750,0.855820,497,1
DEN-610103,62,0.083943829,451,21,6,10,0.13702307,3,0
DEN-610200,291,0.252486462,881,24,18,16,0.330941,12,0
DEN-61605002,48,0.339020979,95,24,24,2,0.512907321,2,0
DEN-619500,707,0.218936253,"2,664",34,15,47,0.265353,21,0
DEN-61C101P,108,0.280763811,275,36,18,6,0.391310666,3,0
DEN-626155,533,0.454238823,642,30,11,49,0.829340,18,0
DEN-630617,370,0.470500668,418,53,37,10,0.885438,7,0
DEN-630618,153,0.477184648,167,153,38,4,0.912721186,1,0
DEN-630619,107,0.326092715,224,36,21,5,0.476785714,3,0
DEN-634352-6,"2,817",0.433634046,"3,790",113,78,36,0.743183,25,0
DEN-648021,73,0.315224913,158,36,9,8,0.460333502,2,0
DEN-656-2891,493,0.393312624,780,49,26,19,0.632054,10,0
DEN-659010,754,0.364597945,"1,398",36,18,43,0.539546,21,0
DEN-659020,165,0.407817593,304,33,12,14,0.543720348,5,0
DEN-659720V,608,0.34962535,"1,207",30,18,34,0.503604,20,0
DEN-659730V,684,0.267611164,"1,899",38,14,50,0.360479,18,0
DEN-659740V,641,0.319376019,"1,382",40,29,22,0.463856,16,0
DEN-659790V,208,0.291289915,538,35,15,14,0.386658489,6,0
DEN-66002861,"1,767",0.357489823,"3,124",32,23,76,0.565735,56,0
DEN-66002862,"4,440",0.473524568,"4,939",57,41,109,0.899091,78,0
DEN-66002892,228,0.266149056,684,21,15,15,0.3334795,11,0
DEN-663001,755,0.283135833,"1,985",38,12,63,0.380448,20,0
DEN-663002,"1,009",0.268318934,"2,835",53,11,90,0.355824,19,0
DEN-663003,230,0.291626509,567,33,13,18,0.404845023,7,0
DEN-666210,"1,895",0.552162388,"1,487",111,105,18,1.274892,17,0
DEN-666220,"7,902",0.380041943,"12,835",80,52,151,0.615664,99,0
DEN-678768,567,0.446675448,631,52,44,13,0.898329,11,0
DEN-678771,537,0.313314202,"1,213",41,21,25,0.442646,13,0
DEN-678773,793,0.244634242,"2,523",53,15,52,0.314355,15,0
DEN-678774,"2,971",0.417715487,"4,110",65,39,76,0.722884,46,0
DEN-678775,"4,916",0.337102822,"9,704",63,25,200,0.506545,78,0
DEN-678776,"6,467",0.321190871,"13,741",57,27,242,0.470633,114,0
DEN-80392,"2,274",0.393792789,"3,197",114,49,46,0.711445,20,0
DEN-80393,367,0.349774721,682,46,37,10,0.537823,8,0
DEN-80395,"29,486",0.395824106,"44,145",117,47,632,0.667923,252,1
DEN-80799,"5,705",0.458121645,"6,669",133,60,95,0.855487,43,0
DER-31815,"1,110",0.120634555,"7,051",2,2,651,0.157429,497,0
DIA-202-603,24,0.88962963,3,12,12,2,8.060402685,2,0
DMG-110401,374,0.330764148,768,75,31,12,0.486515,5,0
DMG-110402,44,0.243444444,136,44,22,2,0.321779997,1,0
EDS-130-0,"1,867",0.358130309,"3,300",47,42,44,0.565730,40,0
EDS-130-01,"2,283",0.369241543,"3,825",52,45,51,0.596957,44,0
EDS-135-0,"1,081",0.393177125,"1,575",54,51,21,0.686574,20,0
EDS-135-01,"1,154",0.363752719,"2,025",58,43,27,0.569923,20,0
EDS-140-0,"1,969",0.393552231,"3,011",141,131,15,0.653940,14,0
EDS-140-01,"1,446",0.309845938,"3,011",96,96,15,0.480240,15,0
EDS-145-0,563,0.352674049,"1,004",113,113,5,0.561271,5,0
EDS-145-01,839,0.341986472,"1,620",120,93,9,0.517889,7,0
FFX-JB,129,0.408068441,187,43,43,3,0.690999519,3,0
FFX-JG,234,0.367087394,387,47,39,6,0.606394537,5,0
FFX-JO,171,0.435678744,219,43,43,4,0.784504851,4,0
FFX-JY,749,0.295546379,"1,897",37,26,29,0.395015,20,0
FFX-SD,"2,930",0.425282987,"3,944",101,70,42,0.742971,29,0
FFX-SO,75,0.458100331,92,15,13,6,0.820361892,5,0
FFX-ST,548,0.444085857,695,22,19,29,0.787999,25,0
FFX-SY,276,0.515841886,263,20,15,18,1.050419,14,0
GCD-000101(E),204,0.483630925,198,51,51,4,1.028613242,4,0
GCD-000124,"2,384",0.273349462,"6,404",51,43,55,0.372364,47,0
GCD-000136,37,0.350186916,70,37,37,1,0.53890407,1,0
GCD-000136-B,963,0.296918917,"2,294",36,29,33,0.419897,27,0
GCD-000139,"1,203",0.245613143,"3,650",46,33,37,0.329610,26,0
GCD-000140,265,0.230747566,789,66,33,8,0.336299,4,0
GCD-000166,37,0.294940711,89,37,37,1,0.41832044,1,0
GCD-000213,34,0.277602268,89,34,34,1,0.384278986,1,0
GCD-000218,"1,613",0.31491371,"3,543",45,28,58,0.455131,36,0
GCD-000222,311,0.214048641,"1,026",62,31,10,0.303373,5,0
GCD-000239,515,0.233321095,"1,844",29,16,32,0.279331,18,0
GCD-000240,124,0.090345525,"1,360",11,7,18,0.091421093,11,0
GCD-001418,34,0.252444444,101,34,34,1,0.337693222,1,0
GCD-001887,108,0.167221755,492,27,12,9,0.218628168,4,0
GCD-002258,49,0.493449345,51,49,49,1,0.974136229,1,0
GCD-002258(X2),"1,143",0.320511947,"2,430",67,48,24,0.470442,17,0
GCD-002535,10,0.090008109,101,10,10,1,0.098910891,1,0
GCD-003135,389,0.235035142,"1,287",35,22,18,0.301982,11,0
GCD-004203,"1,059",0.28553914,"2,638",48,16,66,0.401453,22,0
GCD-004204,167,0.295642318,442,24,15,11,0.377215018,7,0
GCD-004205,28,0.261580882,80,28,14,2,0.354244461,1,0
GCD-004714,"1,891",0.239376916,"5,819",65,33,57,0.324944,29,0
GCD-004858,"1,514",0.278174562,"4,000",41,31,49,0.378577,37,0
GCD-004903,489,0.439422366,637,41,31,16,0.767164,12,0
GCD-004904,239,0.370492425,427,40,27,9,0.560380364,6,0
GCD-011942,210,0.175517292,"1,078",30,12,17,0.195197284,7,0
GCD-250010,54,0.279985309,140,27,7,8,0.389079474,2,0
GCD-345001,230,0.243729099,765,77,13,18,0.301286577,3,0
HOL-7331(E),10,0.061145511,158,1,1,13,0.065127782,11,0
HOL-7805(E),570,0.3243023,"1,181",11,9,64,0.482673,52,0
HOL-7805E(B),562,0.177484438,"2,463",6,4,139,0.228258,93,0
HOL-7806(E),16,0.066049309,227,3,2,10,0.070679475,6,0
HOL-7910(E),297,0.331710298,594,8,5,60,0.500816,39,0
HOL-7910E(B),275,0.305879075,592,8,5,60,0.463822,34,0
HOL-79520(E),161,0.259724958,356,13,9,18,0.452521504,12,0
HOL-79530(E),186,0.497957393,187,19,19,10,0.999356775,10,0
HOL-79540(E),191,0.497074285,187,32,19,10,1.021578891,6,0
HOLL-14104,0,0.000851064,47,0,0,2,0.000851789,1,0
HOLL-14603(1),11,0.214313197,41,6,6,2,0.272771792,2,0
HUF-EXD11/12,20,0.524486572,18,20,10,2,1.102990033,1,0
HUF-S13K/TG,64,0.655510204,34,64,32,2,1.902843602,1,0
HUF-S204S,43,0.591666667,29,43,21,2,1.448979592,1,0
HUF-S204S9E2,"2,531",0.491819022,"2,830",49,15,166,0.894414,52,0
HUF-S204SD76,97,0.572941176,73,49,19,5,1.341597796,2,0
HUF-S204SD9E2,283,0.591510417,205,71,24,12,1.385142,4,0
HUF-SG13/14R9E2,113,0.40346875,229,56,9,13,0.492237921,2,0
HUF-SH6/7,142,0.547692308,118,47,18,8,1.210884354,3,0
HUF-SH6/77,753,0.466389773,867,50,13,56,0.868898,15,0
HUF-SH6/79E2,806,0.537214286,699,81,20,41,1.152922,10,0
HUF-SRP11/1293,142,0.508,138,142,18,8,1.032520325,1,0
HUF-SS4,18,0.326666667,36,18,9,2,0.485148515,1,0
HUF-SSO,85,0.575714286,62,12,12,7,1.356902357,7,0
J&J-MS0005,"3,813",0.445816848,"4,994",32,9,410,0.763481,120,0
KAV-0.411.9680(G),"2,405",0.467316786,"2,717",28,16,153,0.885102,86,0
KAV-0.411.9911,69,0.645070423,38,17,5,15,1.817460317,4,0
KEL-GEL15GM,"9,851",0.169765629,"38,503",10,7,"1,462",0.255865,"1,005",0
KEL-GEL60GM,"1,844",0.170003049,"8,349",17,15,124,0.220905,106,0
KER-00370(E),"3,807",0.515693561,"3,480",34,17,230,1.093957,111,0
KER-06003,301,0.560421206,226,23,3,87,1.331565,13,0
KER-06004,156,0.647375266,85,39,5,33,1.836340054,4,0
KER-06005,101,0.566745435,78,20,3,30,1.293589744,5,0
KER-06015,27,0.647058824,16,14,5,6,1.756410256,2,0
KER-06016,111,0.648434411,61,16,4,26,1.812602291,7,0
KER-06019,30,0.728088023,11,15,6,5,2.659192825,2,0
KER-06062,331,0.525816438,345,28,2,147,0.959184,12,0
KER-06063,157,0.505427629,153,26,3,59,1.026401565,6,0
KER-06064,316,0.588992207,233,24,3,99,1.359768,13,0
KER-06065,288,0.644316918,165,21,4,70,1.748328,14,0
KER-06067,181,0.580226017,129,18,3,55,1.397678917,10,0
KER-06069,122,0.627016714,89,20,3,38,1.368421053,6,0
KER-06151,284,0.692631981,127,24,5,54,2.240741,12,0
KER-06152,106,0.661576241,54,18,5,23,1.961147086,6,0
KER-06156,52,0.686666667,24,52,5,10,2.191489362,1,0
KER-14127,231,0.623593074,141,23,4,60,1.638297872,10,0
KER-14128,272,0.547270177,244,21,3,104,1.111088,13,0
KER-14129,78,0.684225865,35,26,5,16,2.210227273,3,0
KER-15122,29,0.46746988,33,29,2,15,0.877828054,1,0
KER-15126,68,0.633802817,39,68,5,15,1.730769231,1,0
KER-15146,38,0.546607983,31,19,3,12,1.209615385,2,0
KER-15150,158,0.752433604,44,39,8,19,3.597858282,4,0
KER-15154,104,0.87,16,104,17,6,6.692307692,1,0
KER-15206,13,0.623188406,8,13,4,3,1.653846154,1,0
KER-15214,32,0.633969697,19,16,4,8,1.715425532,2,0
KER-15222,17,0.638461538,9,17,4,4,1.765957447,1,0
KER-15238,17,0.558,13,17,3,6,1.262443439,1,0
KER-15250,36,0.823448276,8,18,12,3,4.6640625,2,0
KER-15290,59,0.54368932,49,29,3,21,1.191489362,2,0
KER-15298,172,0.623367986,107,21,4,41,1.609756098,8,0
KER-15302,83,0.631896378,47,21,4,20,1.774468085,4,0
KER-15306,34,0.592855396,23,17,4,9,1.448717949,2,0
KER-15322,14,0.679542203,7,14,5,3,2.120535714,1,0
KER-16411,560,0.34605931,994,112,112,5,0.563302,5,0
KER-21370(E),836,0.663703045,424,42,30,28,1.973562,20,0
KER-21370(EU),929,0.5171302,871,58,14,65,1.066475,16,0
KER-24746,644,0.285488661,"1,617",40,14,46,0.398163,16,0
KER-25881,843,0.345670293,"1,564",27,17,50,0.538855,31,0
KER-25882,"1,123",0.398390975,"1,644",49,22,51,0.683366,23,0
KER-27877,150,0.309826813,341,38,21,7,0.439650624,4,0
KER-28415,"2,258",0.489483949,"2,896",84,12,184,0.779518,27,0
KER-28417,91,0.484633038,94,30,15,6,0.97542735,3,0
KER-28419,269,0.517933876,252,30,17,16,1.066630,9,0
KER-29797,645,0.503727819,625,43,16,40,1.031414,15,0
KER-29797(EU),34,0.249557522,102,34,8,4,0.33254717,1,0
KER-29835(C),596,0.329074396,"1,255",40,8,74,0.475196,15,0
KER-29835(EU),399,0.30329095,959,27,10,40,0.415930,15,0
KER-29836,125,0.259946577,360,31,8,15,0.347083333,4,0
KER-29836(C),"2,035",0.316508219,"4,613",38,7,272,0.441161,54,0
KER-29836(EU),"1,673",0.275086921,"4,820",40,8,201,0.347070,42,0
KER-29837(C),127,0.316323376,290,25,7,17,0.43793911,5,0
KER-29837(EU),447,0.296896308,"1,103",28,10,46,0.405311,16,0
KER-29838(C),33,0.28315565,84,33,7,5,0.395002974,1,0
KER-29838(EU),10,0.135890411,63,10,5,2,0.157260621,1,0
KER-29840(C),54,0.449816606,66,54,13,4,0.817575758,1,0
KER-29840(EU),176,0.181357794,794,25,6,28,0.222169051,7,0
KER-29841(EU),90,0.329751553,216,45,10,9,0.417384858,2,0
KER-29898(E),86,0.273015873,229,86,9,10,0.375545852,1,0
KER-29899,75,0.253731343,222,38,6,12,0.34,2,0
KER-29899(E),374,0.288995948,943,37,10,38,0.396052,10,0
KER-29900(E),25,0.19883796,99,25,6,4,0.248186946,1,0
KER-29949(E),697,0.358001065,"1,243",174,174,4,0.560288,4,0
KER-29951,459,0.466818491,526,57,46,10,0.872866,8,0
KER-29952,"1,071",0.509864427,"1,029",357,357,3,1.040252,3,0
KER-29952(E),"1,155",0.393531111,"1,780",231,231,5,0.649062,5,0
KER-31377,68,0.252086811,202,23,8,9,0.337053571,3,0
KER-31513(E),"1,640",0.465165248,"2,262",68,12,141,0.725283,24,0
KER-31513(EU),"16,333",0.433298782,"21,105",49,17,983,0.773874,330,1
KER-31513US(E),112,0.465155052,128,28,14,8,0.869700748,4,0
KER-32862,"1,871",0.581439912,"1,298",43,30,62,1.441114,44,0
KER-33035,264,0.307395349,596,66,66,4,0.443825,4,0
KER-33215,162,0.472335067,224,32,16,10,0.721587868,5,0
KER-33351,"7,760",0.356434215,"14,486",29,10,783,0.535701,265,0
KER-33643,39,0.201461378,153,39,10,4,0.252287582,1,0
KER-33817,122,0.370181818,208,61,61,2,0.587759815,2,0
KER-33872,"13,858",0.295487656,"34,653",53,12,"1,124",0.399917,263,1
KER-33953,728,0.438373044,859,49,19,39,0.847528,15,0
KER-33963,333,0.396123106,551,33,13,25,0.605486,10,0
KER-33964,"1,367",0.567241736,"1,028",273,273,5,1.330891,5,0
KER-33965,"1,420",0.405738325,"2,026",49,15,92,0.700860,29,0
KER-33965(EU),506,0.517176471,472,63,22,23,1.071150,8,0
KER-33968,800,0.380062346,"1,233",133,133,6,0.649297,6,0
KER-34070,187,0.326505882,386,37,19,10,0.484459984,5,0
KER-34241(E),71,0.331585583,139,35,18,4,0.50717772,2,0
KER-34242(E),108,0.036345216,"2,863",12,2,62,0.037734531,9,0
KER-35107(E),955,0.417323376,"1,153",64,33,29,0.828237,15,0
KER-35108(E),914,0.405742244,"1,153",57,32,29,0.792592,16,0
KER-35129,"4,941",0.275900942,"13,373",38,8,642,0.369503,130,0
KER-36051(EU),"1,576",0.448344418,"1,986",72,32,49,0.793506,22,0
KER-36052(EU),"9,535",0.411047965,"13,294",70,29,328,0.717228,136,0
KER-36053(EU),"1,537",0.31177909,"3,648",57,17,90,0.421493,27,0
KER-36054(EU),452,0.480865494,486,50,38,12,0.928448,9,0
KER-60120,72,0.769990405,21,18,8,9,3.457912458,4,0
KER-60144,233,0.820877728,52,33,11,22,4.510058027,7,0
KER-62249,319,0.675152079,167,23,4,71,1.910279,14,0
KER-62250,541,0.610775157,367,42,3,156,1.474577,13,0
KER-821-4021,25,0.675862069,12,25,5,5,2.085106383,1,0
KER-821-4025,253,0.68910432,118,28,5,50,2.149787234,9,0
KER-821-4125,194,0.749885194,67,22,7,29,2.894014032,9,0
KER-822-2253,29,0.486828943,31,29,15,2,0.948667966,1,0
KER-822-4253,139,0.497714286,141,70,17,8,0.990898749,2,0
KER-822-4403,39,0.554,31,39,19,2,1.242152466,1,0
KER-822-4407,39,0.554285714,31,39,19,2,1.243589744,1,0
KER-822-4683,58,0.556571429,47,29,19,3,1.255154639,2,0
KER-822-6253,116,0.554,94,116,19,6,1.242152466,1,0
KER-822-6307,196,0.469250092,210,49,16,12,0.93506865,4,0
KER-822-6803,59,0.527297297,52,59,20,3,1.115494568,1,0
KER-822-8257,39,0.562285714,31,39,20,2,1.2845953,1,0
KER-823-0257,28,0.4303125,36,28,14,2,0.755348327,1,0
KER-823-4205,32,0.358,58,32,11,3,0.557632399,1,0
KER-825-4155,130,0.614119952,87,43,26,5,1.492458261,3,0
KER-825-4205,47,0.583602484,34,23,23,2,1.401551313,2,0
KER-825-4255,168,0.669052734,84,56,34,5,2.006682578,3,0
KER-972-1003,175,0.506594221,170,35,25,7,1.026771005,5,0
KER-973-0067,44,0.320875912,93,44,22,2,0.472484953,1,0
KIM-48247,263,0.478700501,292,44,11,24,0.899171,6,0
KOD-1163401(E),"4,498",0.251072401,"13,275",85,12,363,0.338869,53,0
KOD-1228840,"1,628",0.728363468,617,78,27,60,2.639608,21,0
KOD-1273747,"2,945",0.746441352,945,61,33,90,3.116339,48,0
KOD-1296771,99,0.45061672,120,99,49,2,0.82022285,1,0
KOD-1658194(E),"1,948",0.26832374,"5,368",75,12,159,0.362848,26,0
KOD-1753664(E),"8,727",0.440897715,"10,744",110,26,331,0.812269,79,0
KOD-1798628,166,0.253912115,504,41,18,9,0.328317075,4,0
KOD-8675332,298,0.312991746,644,33,12,24,0.461903,9,0
KRO-KRM302,"13,281",0.411357274,"19,435",37,3,"5,022",0.683371,362,0
KUL-65414615,111,0.343903174,215,56,22,5,0.518219944,2,0
KUL-65872354,"8,210",0.320449964,"17,077",44,24,341,0.480760,188,0
KUL-65872354(E),"1,531",0.332375311,"3,120",29,11,145,0.490562,52,0
KUL-66002103(E),"1,908",0.311487902,"4,322",56,17,111,0.441351,34,0
KUL-66002103E(X4),374,0.25866207,"1,090",62,53,7,0.342679,6,0
KUL-66002186(E),695,0.293299715,"1,712",33,7,93,0.405793,21,0
KUL-66002186E(X6),"1,759",0.29007577,"4,087",53,48,37,0.430360,33,0
KUL-66002193,66,0.336200717,130,22,9,7,0.506479482,3,0
KUL-66002193(X6),484,0.226830828,"1,667",37,32,15,0.290437,13,0
KUL-66035992,104,0.573076923,78,104,104,1,1.342342342,1,0
KUL-66039008,435,0.319279149,897,40,26,17,0.484918,11,0
KUL-66039009,724,0.228893474,"2,532",45,15,48,0.286098,16,0
KUL-66039011,233,0.227208923,791,47,16,15,0.294180095,5,0
KUL-66040094,"1,610",0.486459929,"1,649",64,47,34,0.976228,25,0
KUL-66040354,240,0.315001786,536,24,8,30,0.447147651,10,0
KUL-66040355,426,0.344689241,895,27,8,51,0.475842,16,0
KUL-66041061,71,0.386304878,111,36,18,4,0.64556962,2,0
KUL-66046244,116,0.335042367,223,39,39,3,0.523276714,3,0
KUL-66048090,460,0.366947699,887,35,22,21,0.518194,13,0
KUL-66048141,"1,175",0.309068486,"2,703",37,18,64,0.434910,32,0
KUL-66048175,161,0.30086386,443,32,11,14,0.362877009,5,0
KUL-66048176,639,0.344671496,"1,297",40,16,41,0.492631,16,0
KUR-070-KA,542,0.286917657,"1,343",49,39,14,0.403546,11,0
KUR-1970-KA(E),"2,088",0.280595772,"5,545",45,26,81,0.376536,46,0
KUR-1972-KA,811,0.25273709,"2,365",101,81,10,0.343072,8,0
KUR-1981-KA,821,0.289289617,"2,016",39,26,31,0.407043,21,0
KUR-2610-KA,731,0.375650169,"1,297",33,17,42,0.563150,22,0
KUR-2611-KA,"1,451",0.32264919,"3,120",36,14,101,0.465132,40,0
KUR-2612-KA,733,0.355398035,"1,328",37,17,43,0.552169,20,0
KUR-2692-KA,65,0.392723753,99,32,32,2,0.648904082,2,0
KUR-2890-KA,193,0.418521739,267,48,48,4,0.719754748,4,0
KUR-3110-KA,385,0.514611885,368,48,35,11,1.046923,8,0
KUR-3111-KA,"2,461",0.509047577,"2,441",62,34,73,1.008045,40,0
KUR-3112-KA,"1,137",0.443674643,"1,471",49,26,44,0.773060,23,0
KUR-3302-KA,617,0.303762656,"1,410",36,13,48,0.437862,17,0
KUR-3303-KA,146,0.382939368,235,29,18,8,0.619552264,5,0
KUR-3382-KA,923,0.412795157,"1,332",51,35,26,0.692638,18,0
KUR-3384-KA,254,0.447165759,308,63,42,6,0.823018036,4,0
KUR-3385-KA,855,0.354023445,"1,581",86,78,11,0.541178,10,0
KUR-3387-KA,981,0.435089044,"1,294",123,109,9,0.758202,8,0
LOK-525B,"1,613",0.487271438,"1,764",47,10,165,0.914403,34,0
LOK-553B,228,0.348232604,417,76,6,36,0.5473109,3,0
LOK-554B,145,0.2918429,352,72,5,30,0.412116041,2,0
LOK-557B,531,0.517535903,498,25,12,43,1.067215,21,0
LOK-558B,114,0.454373566,155,28,8,14,0.733174317,4,0
LOK-559B,"2,411",0.398654441,"3,789",29,7,342,0.636332,83,0
LOK-560B,"1,824",0.441331141,"2,507",57,8,215,0.727548,32,0
LOK-563B,218,0.494536486,248,24,11,19,0.880155108,9,0
LOK-591B,49,0.319787039,104,24,5,9,0.465823028,2,0
LOK-592B,28,0.295809881,68,28,5,6,0.420071048,1,0
LOK-594B,88,0.361869185,166,29,6,15,0.53188929,3,0
LOK-774B,73,0.371116779,126,18,8,9,0.58208244,4,0
LOK-781B,198,0.419807939,303,20,6,31,0.654297777,10,0
LOK-784B,277,0.390993215,459,35,6,46,0.603615,8,0
LOK-785B,84,0.467968519,95,21,8,10,0.879328437,4,0
LOK-786B,29,0.340935673,56,29,6,5,0.517302573,1,0
LOK-918B,658,0.591344277,465,41,15,44,1.415246,16,0
LOK-922B,641,0.61266482,401,38,17,38,1.596392,17,0
LOK-925B,45,0.589388662,33,23,15,3,1.372317921,2,0
LOK-928B,56,0.526517073,55,19,11,5,1.02175884,3,0
LOK-944B,53,0.456989498,62,27,8,7,0.852338245,2,0
LUX-NEO110B,"27,670",0.286767081,"67,816",14,11,"2,407",0.408017,"1,980",1
LUX-NEO110W,815,0.250430562,"2,427",11,10,83,0.335796,75,0
LUX-NEO120B,"10,564",0.279343546,"26,979",15,13,823,0.391578,700,0
LUX-NEO120W,947,0.31549266,"2,024",22,15,62,0.467560,44,0
LUX-NEO180B,"1,176",0.32403666,"2,457",23,20,60,0.478684,52,0
LUX-NEO180W,"1,555",0.283462523,"3,955",17,16,98,0.393047,91,0
LUX-NEO185B,"1,889",0.243751834,"5,724",15,13,144,0.330108,126,0
LUX-NEO185W,858,0.222398412,"2,984",13,11,77,0.287568,66,0
LUX-NEO250B,781,0.258268472,"2,187",20,16,50,0.357086,40,0
LUX-NEO250W,288,0.2606997,832,18,15,19,0.346526,16,0
LUX-NEO320B,"12,862",0.346139429,"24,191",26,24,530,0.531679,493,0
LUX-NEO320W,"1,598",0.357745401,"2,886",29,25,64,0.553886,55,0
MAN-GATES32#2,82,1,0,82,8,10,0,1,0
MAN-PASTE21ASS,13,0.519047619,12,13,3,4,1.079207921,1,0
MAN-PASTE25#40,29,0.519047619,27,15,3,9,1.079207921,2,0
MAN-PEESO32#3,36,0.436430318,46,36,4,10,0.774403471,1,0
MCR-1577,341,0.146176128,"1,993",7,7,52,0.171202,52,0
MDL-MSC092534,141,0.398982323,200,11,7,20,0.707963715,13,0
MDL-MSC092534(X3),184,0.115599134,"1,395",3,2,80,0.132121325,73,0
MDL-MSC092625H,50,0.146954013,264,1,1,47,0.188105327,38,0
MDL-MSC092915H(X3),169,0.237798546,534,2,2,73,0.31530301,68,0
MDL-MSC094109H(X3),64,0.162596774,329,4,4,16,0.195094489,16,0
MDL-MSC094308,157,0.270257864,393,5,3,49,0.400188108,29,0
MDL-MSC094420,"1,578",0.195376747,"6,542",5,5,346,0.241303,302,0
MDL-MSC094420(X2),299,0.329593289,601,18,17,18,0.496989,17,0
MDL-MSC094424 (3),4,0.19501677,17,4,4,1,0.242261905,1,0
MDL-MSC094424(X2),-40,-0.12886337,359,-2,-1,34,-0.112592923,24,0
MDL-MSC094424(X3),591,0.218113646,"2,112",5,5,123,0.280000,114,0
MDL-MSC094514(X12),39,0.105723102,313,8,6,6,0.123859067,5,0
MDL-MSC094544(B),-1,-0.099710983,8,-1,-1,1,-0.090670171,1,0
MDL-MSC094544(X3),323,0.141562505,"1,916",4,3,100,0.168404,90,0
MDL-MSC094604,113,0.097528029,849,1,1,103,0.133390665,78,0
MDL-MSC094604H(X3),54,0.065131132,767,2,2,31,0.06981565,31,0
MDL-MSC094853UNSC,78,0.223689673,234,4,2,36,0.333162305,19,0
MDL-NON80328,"4,374",0.103871205,"34,338",1,1,"3,834",0.127395,"3,396",0
MLD-MPC38,15,0.644444444,8,15,1,10,1.8125,1,0
MOL-1434,637,0.149589292,"3,235",3,3,212,0.196873,187,0
MOL-1434(B),849,0.249752113,"2,475",6,5,164,0.342880,150,0
MOL-1437,161,0.583026494,119,32,27,6,1.357245096,5,0
MOL-1437(A),863,0.180924375,"4,062",3,3,281,0.212363,248,0
MOL-1437-1,690,0.259708106,"1,843",7,6,120,0.374639,103,0
MOL-1438,7,0.183450539,33,4,4,2,0.224695122,2,0
MOL-1438(B),104,0.154383513,541,5,3,32,0.191308848,23,0
MOL-1439,460,0.204333921,"1,074",10,9,50,0.428521,45,0
MOL-1443,-128,-0.093547561,"1,714",-1,-1,102,-0.074454863,91,0
MOL-1443-1,267,0.104598933,"2,323",2,2,133,0.114773,120,0
MOL-1448,127,0.06221164,660,4,4,32,0.19263984,29,0
MOL-1451,221,0.100955425,"1,752",3,2,95,0.125985286,84,0
MOL-281000,"1,557",0.138603105,"8,737",3,2,766,0.178209,484,0
MOL-281100,15,0.209389,56,5,3,5,0.260885146,3,0
MOL-281100(B),-1,-0.029465912,23,0,0,2,-0.028620248,2,0
MOL-281200-1,164,0.098681337,"1,376",3,1,111,0.119121665,58,0
MOL-281300,323,0.244553403,917,10,5,59,0.352106,33,0
MOL-295200,882,0.161411275,"3,603",6,3,320,0.244630,156,0
MOL-295300,"4,534",0.201668013,"15,224",11,6,794,0.297837,395,0
MOL-295400,808,0.111426619,"4,766",8,4,200,0.169596,103,0
MOL-295600,290,0.053828026,"4,037",4,3,104,0.071720,70,0
MOL-670900(B),41,0.501345316,40,14,14,3,1.023482388,3,0
MOP-3047_JPA-IP6-BLU,12,0.225818182,43,12,12,1,0.291686238,1,0
MXT-MXT#P,335,0.369411814,632,26,3,119,0.529776,13,0
NKY-1271190,28,0.64,16,14,14,2,1.777777778,2,0
NKY-6050100,17,0.68,8,17,6,3,2.125,1,0
NKY-6051700,6,0.436428571,8,6,6,1,0.774397972,1,0
NKY-6120200,116,0.430685503,169,19,6,18,0.688604293,6,0
NKY-6120300,191,0.497135205,190,21,21,9,1.000893092,9,0
NKY-6121000,35,0.496571429,35,35,35,1,0.986379115,1,0
NKY-7000313,73,0.482721018,77,18,18,4,0.942138038,4,0
NKY-921095,16,0.493081761,16,16,8,2,0.972704715,1,0
NKY-921251,16,0.511875,16,16,16,1,1.04865557,1,0
NKY-921255,29,0.5834,21,29,29,1,1.400384061,1,0
NKY-921422,23,0.526590909,21,23,23,1,1.112337974,1,0
NKY-921489,19,0.47911978,21,19,19,1,0.919827172,1,0
NKY-921702,15,0.692272727,7,15,15,1,2.249630724,1,0
NKY-921775,18,0.36020202,32,18,18,1,0.562993369,1,0
NKY-921880,22,0.181194636,69,11,4,6,0.319988396,2,0
NKY-921881,82,0.493130085,97,16,5,16,0.847061258,5,0
NKY-921885,18,0.327272727,37,18,2,10,0.486486486,1,0
NKY-921889,17,0.43125,22,17,3,6,0.758241758,1,0
NKY-921896,33,0.532075321,30,17,4,8,1.116554054,2,0
NKY-921908,39,0.429333333,51,39,39,1,0.752336449,1,0
NKY-921909,24,0.3709375,40,24,12,2,0.589667163,1,0
NKY-921914,30,0.295129513,70,30,30,1,0.418700341,1,0
NSK-E16R,46,1,0,46,46,1,0,1,0
NSK-HP4PB,125,1,0,63,25,5,0,2,0
NSK-NBBW-Y,100,1,0,100,50,2,0,1,0
OMR-BP652,"5,294",0.279498214,"13,606",26,25,216,0.389126,205,0
OMR-BP710N,490,0.223145482,"1,700",11,11,44,0.288160,43,0
OMR-BP742N,"34,972",0.335684028,"68,642",25,24,"1,470",0.509481,"1,423",1
OMR-BP760N,849,0.263439073,"2,360",27,26,33,0.359712,31,0
OMR-BP785N,"2,139",0.427164058,"2,866",55,53,40,0.746494,39,0
OMR-HEM-90XL,837,0.301352056,"1,941",209,209,4,0.431383,4,0
PAR-S017,107,0.271702216,287,27,6,18,0.373892725,4,0
PAR-S284,915,0.22567363,"3,140",65,29,32,0.291425,14,0
PAR-S285,420,0.247182693,"1,316",32,18,23,0.319286,13,0
PAR-S300,239,0.219414842,870,48,34,7,0.274501695,5,0
PAR-S307,319,0.247445659,957,46,40,8,0.332700,7,0
PAR-S340,279,0.202305073,"1,004",20,12,23,0.278114,14,0
PAR-S370,396,0.2335798,"1,292",57,57,7,0.306504,7,0
PAR-S371,367,0.230081281,"1,238",46,41,9,0.296175,8,0
PAR-S380,911,0.211284165,"3,207",114,83,11,0.284213,8,0
PAR-S457S,825,0.21833965,"3,001",46,8,100,0.274958,18,0
PRE-1006203,523,0.253067416,"1,612",40,10,54,0.324263,13,0
PRE-1006213,34,0.221642764,119,34,9,4,0.284757119,1,0
PRE-1006223,43,0.2236671,149,43,9,5,0.288107203,1,0
PRE-3001450,216,0.3698683,370,18,17,13,0.584004541,12,0
PRE-9007072,189,0.308252352,463,27,7,28,0.407962883,7,0
PRE-9007073,443,0.271645853,"1,197",34,11,41,0.369963,13,0
PRE-9007091,186,0.181268293,839,37,37,5,0.221401335,5,0
PRE-9007092,27,0.26971935,74,27,9,3,0.36933657,1,0
PRE-9007093,34,0.223326706,117,34,17,2,0.287542662,1,0
PRE-9007131,"3,131",0.341244635,"6,215",25,8,382,0.503699,127,0
PRE-9007133,301,0.279107089,772,60,60,5,0.390514,5,0
PRE-9007135,192,0.384275211,313,38,13,15,0.612254667,5,0
PRE-9011103,547,0.441852523,711,23,13,41,0.769482,24,0
PRE-9061070,988,0.462706193,"1,153",37,9,114,0.857532,27,0
PRE-9061100,280,0.441827526,354,23,16,18,0.792685,12,0
PRE-9061101,140,0.403434401,216,35,13,11,0.64821933,4,0
PRE-9061106,767,0.407403331,"1,159",20,13,59,0.662139,38,0
PRE-9061109,227,0.436719635,295,19,15,15,0.769857434,12,0
PRE-9061401,461,0.440043777,586,29,22,21,0.787584,16,0
PRK-01-08,587,0.191684892,"2,464",3,3,216,0.238373,210,0
PRK-01-08(X2),362,0.102291615,"3,030",1,1,254,0.119389,243,0
PRK-03-08,749,0.230890607,"2,336",4,4,208,0.320478,202,0
PRK-03-08(X2),744,0.126004969,"5,052",2,2,410,0.147361,381,0
PRK-12-02(A),798,0.177476065,"3,552",1,1,"1,041",0.224742,982,0
PRK-12-02(X2),200,0.093958623,"1,795",1,1,365,0.111206436,351,0
PRK-12-08,304,0.378894856,498,7,7,45,0.610079,41,0
PRK-12-08(X2),645,0.118304834,"4,764",2,2,373,0.135328,364,0
PRK-12-08(X3),150,0.154226813,808,3,3,51,0.185331006,45,0
S&N-66000040,54,0.125330909,375,2,2,30,0.144619163,27,0
S&N-66000041,"2,017",0.686331119,935,19,14,144,2.156938,106,0
S&N-66000317,133,0.396663415,193,8,3,40,0.688045894,17,0
S&N-66000318,104,0.415449773,146,8,5,21,0.715019168,13,0
S&N-66000319,130,0.391081999,202,8,7,19,0.642290924,17,0
S&N-66250706,64,0.088253368,689,3,2,37,0.092851441,23,0
S&N-66250706(B),39,0.078113397,460,2,2,25,0.084748711,22,0
S&N-66800269,282,0.17556455,"1,131",6,4,68,0.249821,46,0
S&N-66800270,578,0.299121748,"1,271",12,10,59,0.455056,49,0
S&N-66800272,116,0.148264258,534,9,6,19,0.217335954,13,0
S&N-66801068,127,0.073410318,"1,571",3,3,48,0.080927136,39,0
SDI-4003202,52,0.432166667,68,52,52,1,0.761080129,1,0
SDI-4403303,42,0.31,92,42,21,2,0.449275362,1,0
SDI-4411222,772,0.293803387,"1,879",86,77,10,0.410700,9,0
SDI-4411323,"1,048",0.397992983,"1,512",262,131,8,0.692943,4,0
SDI-4412323,712,0.321562029,"1,578",142,119,6,0.451259,5,0
SDI-4413323,134,0.293450549,321,134,134,1,0.415329103,1,0
SDI-4422202,893,0.302605,"2,043",149,149,6,0.437229,6,0
SDI-7700218,"1,444",0.454546713,"1,755",72,60,24,0.822917,20,0
SDI-7700256,54,0.5175,50,27,27,2,1.07253886,2,0
SDI-8100045,"1,012",0.436354971,"1,339",22,17,60,0.755737,47,0
SHO-0104,100,0.359645463,180,17,6,18,0.557281229,6,0
SHO-0108,60,0.626666667,36,60,15,4,1.678571429,1,0
SHO-0180,53,0.345825243,101,18,18,3,0.528643514,3,0
SHO-0182,110,0.308732394,245,37,11,10,0.446617767,3,0
SHO-0211,15,0.606122449,10,15,15,1,1.538860104,1,0
SHO-0241,501,0.406409755,737,29,6,82,0.679820,17,0
SHO-0244,981,0.433192302,"1,282",38,7,142,0.764970,26,0
SHO-0247,161,0.429643801,225,27,6,25,0.715817575,6,0
SHO-0248,254,0.495301769,261,21,9,29,0.97522151,12,0
SHO-0413,"4,402",0.443294223,"5,766",44,7,616,0.763388,100,0
SHO-0500,"1,227",0.513958343,"1,114",33,31,40,1.101382,37,0
SHO-0816-1,68,0.739130435,24,34,34,2,2.833333333,2,0
SHO-1752,"1,160",0.405439753,"1,798",46,19,61,0.645168,25,0
SHO-1753,"3,789",0.385932621,"5,982",47,19,203,0.633390,81,0
SHO-1754,"1,577",0.415049802,"2,299",38,20,78,0.685852,42,0
SHO-H413,"1,553",0.403372021,"2,294",55,32,49,0.677057,28,0
SHO-HG22,50,0.529052632,45,50,50,1,1.123379526,1,0
SHO-L501,106,0.473617034,118,27,6,18,0.901461094,4,0
SHO-L502,28,0.477852349,31,28,7,4,0.915167095,1,0
SHO-L506,160,0.513971887,156,23,7,24,1.024539877,7,0
SHO-L507,505,0.517646349,496,32,7,76,1.018788,16,0
SHO-L508,74,0.44371046,94,18,6,13,0.782104479,4,0
SHO-L509,123,0.601756453,79,31,10,12,1.566793893,4,0
SHO-L519,274,0.503533464,275,25,7,42,0.996365,11,0
SHO-L521,274,0.532785782,262,25,7,40,1.046756,11,0
SHO-L522,406,0.516932383,399,20,8,53,1.017764,20,0
SHO-L523,14,0.595998297,9,14,14,1,1.475237092,1,0
SHO-L524,116,0.427615066,161,19,7,16,0.722734064,6,0
SHO-L528,237,0.605994929,170,34,9,26,1.39401057,7,0
SIR-6176510,"6,584",0.453331979,"7,916",45,23,289,0.831703,147,0
SIR-6176528,"8,659",0.457015699,"10,735",44,21,411,0.806628,196,0
SIR-6176536,"5,355",0.381988405,"9,057",43,18,290,0.591288,126,0
SOT-132126,7,0.181768707,30,7,7,1,0.222148321,1,0
SOT-140172,5,0.144977472,32,5,5,1,0.169559826,1,0
SOT-140174,453,0.250755405,"1,346",13,11,40,0.336454,34,0
SOT-140176,263,0.050863351,"4,446",2,2,138,0.059069,127,0
SOT-154131,18,0.092631579,172,4,2,10,0.102088167,5,0
SOT-160172,751,0.230624164,"2,460",5,4,182,0.305404,154,0
SOT-160214,105,0.030374644,"3,182",1,1,116,0.032958053,102,0
SOT-166130,"1,076",0.218940988,"3,764",22,19,56,0.285875,49,0
SSW-13004,163,0.278239665,471,54,27,6,0.345794591,3,0
SSW-13091,217,0.43444,283,109,109,2,0.768158993,2,0
SSW-13095,"1,918",0.345482159,"3,535",91,77,25,0.542666,21,0
SSW-13245,226,0.293900866,566,38,32,7,0.399759607,6,0
SSW-13330,"1,698",0.318825482,"3,631",45,41,41,0.467628,38,0
SSW-13557,761,0.344837558,"1,455",48,42,18,0.523399,16,0
SSW-14001-5,154,1,0,154,15,10,0,1,0
SSW-14002-5,49,0.437933189,70,25,5,9,0.696466582,2,0
SSW-14006-5,135,0.45427436,219,27,5,28,0.615124977,5,0
SSW-14008-5,66,0.439255122,86,22,6,11,0.76059445,3,0
SSW-14057-5,"1,416",0.501704407,"1,441",30,8,184,0.982967,48,0
SSW-14058-5,153,0.431404592,204,22,6,26,0.750908734,7,0
SSW-14060-5,126,0.403723209,196,32,5,25,0.645721584,4,0
SSW-14112-5,93,0.478709239,102,23,7,13,0.910796738,4,0
SSW-14116-5,29,0.508477915,31,14,7,4,0.910076531,2,0
SSW-14820,21,0.536268134,19,21,11,2,1.156418554,1,0
SSW-15088-5,52,0.504927536,51,17,17,3,1.019906323,3,0
SSW-15092-5,222,0.485359946,238,74,16,14,0.935340116,3,0
SSW-15093-5,181,0.280943689,461,36,7,27,0.39327742,5,0
SSW-15095-5,912,0.342407429,"1,776",28,9,104,0.513303,33,0
SSW-15106-5,79,0.395989664,137,26,10,8,0.577868852,3,0
SSW-15121-5,"3,223",0.3967611,"4,714",58,12,276,0.683622,56,0
SSW-15370-5,259,0.441435522,359,86,12,21,0.722956396,3,0
SSW-15380-5,213,0.543697679,171,43,21,10,1.245550351,5,0
SSW-16001-5,95,0.384289246,171,24,10,10,0.558548009,4,0
SSW-16003-5,15,0.470387597,17,15,15,1,0.888173302,1,0
SUL-21115,"18,359",0.525492962,"16,479",69,58,318,1.114081,268,1
SUL-77640,"2,031",0.295455687,"4,856",40,9,231,0.418192,51,0
SUL-77645,123,0.278859184,321,31,9,14,0.381678914,4,0
SUL-77650,"2,814",0.332353098,"5,612",51,23,121,0.501463,55,0
SUL-77655,"1,517",0.348163656,"2,829",30,25,61,0.536258,51,0
SUL-83000,261,1,0,131,8,32,0,2,0
TOK-13310(E),54,0.391532847,83,54,27,2,0.643474088,1,0
TOK-13311(E),865,0.433031491,"1,133",41,32,27,0.763766,21,0
TOK-13312(E),786,0.392451908,"1,217",46,27,29,0.646221,17,0
TOK-20506,447,0.279236887,"1,152",37,28,16,0.387707,12,0
TOR-MS407W,162,0.152266594,872,2,2,75,0.185206843,70,0
TOR-MS407W(B),"7,538",0.133067935,"48,298",2,2,"4,962",0.156070,"4,612",0
TOR-MS407W(C),218,0.177189967,993,3,2,103,0.219982074,85,0
TOR-MS407W(X3),718,0.201874122,"2,780",8,7,103,0.258104,90,0
TOR-MS408W,"1,244",0.143784874,"7,109",2,2,734,0.174957,661,0
ULT-111-CN,262,0.357345991,497,26,12,21,0.526830,10,0
ULT-131(E),175,0.40371453,255,19,4,42,0.687490178,9,0
ULT-132(E),"1,085",0.490556294,"1,224",20,5,202,0.886482,55,0
ULT-133(E),30,0.384771574,48,30,4,8,0.625412541,1,0
ULT-136(E),"1,158",0.484480766,"1,336",20,6,197,0.867152,59,0
ULT-137(E),101,0.422095064,146,20,5,20,0.68818306,5,0
ULT-164,82,0.476671387,99,27,12,7,0.829821555,3,0
ULT-168,299,0.436491228,385,43,37,8,0.774595,7,0
ULT-1825,38,0.373798784,64,19,19,2,0.596930786,2,0
ULT-241,109,0.490261262,117,18,16,7,0.932702956,6,0
ULT-2560,262,0.267316777,718,66,66,4,0.365131,4,0
ULT-4750,48,0.357259259,87,48,48,1,0.555837271,1,0
ULT-4751,27,0.385285714,43,27,27,1,0.62677202,1,0
ULT-5348,72,0.266470155,199,36,36,2,0.363271047,2,0
ULT-5379,30,0.492666667,30,30,30,1,0.97109067,1,0
ULT-6408,"1,796",0.556366258,"1,395",44,30,59,1.287390,41,0
ULT-645-CN,860,0.418872321,"1,203",28,17,51,0.715134,31,0
VEC-2410008,41,0.689447236,19,14,14,3,2.220064725,3,0
VIV-532907,421,0.34716295,797,26,18,24,0.528953,16,0
VIV-533602,130,0.47537676,148,26,8,16,0.882448537,5,0
VIV-533604,13,0.592272727,9,13,13,1,1.452619844,1,0
VIV-590313,193,0.163375,"1,167",97,5,36,0.165587419,2,0
VIV-590314,121,0.157739573,648,20,6,20,0.187230105,6,0
VIV-590331,198,0.138632151,"1,275",14,8,24,0.155567583,14,0
VIV-590332,"1,371",0.196871794,"5,634",37,12,115,0.243434,37,0
VIV-590333,39,0.131247639,266,20,8,5,0.147618151,2,0
VIV-590334,48,0.25584,140,48,16,3,0.343797033,1,0
VIV-595953,160,0.288659794,393,40,8,19,0.405797101,4,0
VIV-595954,169,0.362645043,290,56,12,14,0.581884058,3,0
VIV-595955,113,0.30063872,331,38,7,16,0.339975845,3,0
VIV-615216,538,0.19955658,"2,043",90,30,18,0.263463,6,0
VIV-626221,935,0.264809783,"2,599",36,18,53,0.359745,26,0
VIV-637568,81,0.251431461,240,27,7,12,0.336336336,3,0
VIV-638227,466,0.285439689,"1,228",47,17,27,0.379222,10,0
VIV-638228,85,0.2644756,233,42,17,5,0.364784196,2,0
VIV-665156,667,0.300284309,"1,535",48,18,38,0.434605,14,0
VOC-1479,440,0.195695196,"1,814",26,17,26,0.242481,17,0
VOC-1480,"1,466",0.281130624,"3,767",47,27,54,0.389311,31,0
VOC-1482,418,0.333159341,837,42,35,12,0.499403,10,0
VOC-1840,108,0.329484981,223,36,27,4,0.484543011,3,0
VOC-1841,"1,099",0.271205502,"2,902",44,21,52,0.378898,25,0
VOC-1842,356,0.275189037,949,30,21,17,0.375395,12,0
VOC-1863,404,0.316893143,928,25,21,19,0.435162,16,0
VOC-1864,"1,247",0.34832171,"2,442",39,25,50,0.510608,32,0
VOC-2650,70,0.170347884,328,17,12,6,0.21272572,4,0
VOC-2651,568,0.154664444,"3,060",27,10,56,0.185559,21,0
VOC-2652,119,0.148709985,656,30,10,12,0.181979014,4,0
VOC-2685,391,0.300623253,972,39,21,19,0.402068,10,0
WEL-01690-410,"1,196",0.318462745,"2,545",80,75,16,0.469956,15,0
WEL-06000-800,"2,550",0.145741184,"12,143",5,2,"1,025",0.209951,541,0
WEL-06190-200,87,0.363218967,153,87,87,1,0.570398532,1,0
WEL-24400U,560,0.133663195,"2,943",1,1,494,0.190399,391,0
WEL-5079135,476,0.822399474,103,79,68,7,4.636541,6,0
WEL-52432-U,"1,881",0.163534947,"8,937",8,6,302,0.210422,222,0
WEL-52432-U(34 PACK),452,0.681505609,211,9,6,72,2.139773,50,0
WEL-52432-U(X25),318,0.163717408,"1,593",8,6,57,0.199590,40,0
WEL-52434-U(102 PACK),302,0.280132123,755,2,2,146,0.400832,131,0
WEL-52434-U(850),432,0.200996179,"1,699",8,7,63,0.254055,54,0
WEL-52434-U(A),3,0.269230419,8,2,2,2,0.371121718,2,0
WEL-52434-U(X25),"1,130",0.231950425,"3,734",10,8,138,0.302633,108,0
WEL-92821,"1,670",0.220423671,"5,875",80,76,22,0.284181,21,0
