date,Profit_3MD-712-036,sumOfProfitNet32,Avg. return on sales_3MD-712-036,7dayRosAverage,7dayRosAverage*1000,Distinct count of order id_3MD-712-036,quantity_3MD-712-036,sumOfQuantity,7DaySumOfQTY,sumOfProfitbySumOfQty,profitPerQuantitySold_3MD-712-036,profitPerOrderMade_3MD-712-036,amazonTop1ItemAvg.weeklyReturn,amazonTop1ItemAvg.weeklyReturn*100,Prediction_3MD-712-036
2019-01-01,0,0,0,,,0,0,,,,0,0,,,
2019-01-02,0,0,0,,,0,0,,,,0,0,,,
2019-01-03,0,0,0,,,0,0,,,,0,0,,,
2019-01-04,0,0,0,,,0,0,,,,0,0,,,
2019-01-05,0,0,0,,,0,0,,,,0,0,,,
2019-01-06,0,0,0,,,0,0,,,,0,0,,,
2019-01-07,132,132,0.7567,,,1,1,1,,,132,132,,,
2019-01-08,490,622,0.742,0.1081,108,2,4,5,1,124.4,122,245,0.277271429,277,0
2019-01-09,245,867,0.742,0.2141,214,2,2,7,5,123.8571429,122,122,0.322714286,323,0
2019-01-10,122,989,0.742,0.3201,320,1,1,8,7,123.625,122,122,0.323185714,323,0
2019-01-11,122,1111,0.742,0.4261,426,1,1,9,8,123.4444444,122,122,0.3214,321,1
2019-01-12,0,1111,0,0.5321,532,0,0,9,9,123.4444444,0,0,0.324442857,324,1
2019-01-13,0,1111,0,0.5321,532,0,0,9,9,123.4444444,0,0,0.277214286,277,1
2019-01-14,0,1111,0,0.5321,532,0,0,9,9,123.4444444,0,0,0.230642857,231,1
2019-01-15,245,1356,0.742,0.424,424,1,2,11,8,123.2727273,122,245,0.232042857,232,1
2019-01-16,0,1356,0,0.424,424,0,0,11,6,123.2727273,0,0,0.1866,187,1
2019-01-17,245,1601,0.742,0.318,318,2,2,13,4,123.1538462,122,122,0.141157143,141,1
2019-01-18,245,1846,0.742,0.318,318,2,2,15,5,123.0666667,122,122,0.095714286,96,1
2019-01-19,0,1846,0,0.318,318,0,0,15,6,123.0666667,0,0,0.045442857,45,1
2019-01-20,0,1846,0,0.318,318,0,0,15,6,123.0666667,0,0,0.045442857,45,1
2019-01-21,0,1846,0,0.318,318,0,0,15,6,123.0666667,0,0,0.045442857,45,1
2019-01-22,122,1968,0.742,0.318,318,1,1,16,6,123,122,122,0,0,1
2019-01-23,0,1968,0,0.318,318,0,0,16,5,123,0,0,0,0,1
2019-01-24,122,2090,0.742,0.318,318,1,1,17,5,122.9411765,122,122,0,0,1
2019-01-25,0,2090,0,0.318,318,0,0,17,4,122.9411765,0,0,0,0,1
2019-01-26,0,2090,0,0.212,212,0,0,17,2,122.9411765,0,0,0,0,1
2019-01-27,0,2090,0,0.212,212,0,0,17,2,122.9411765,0,0,0,0,1
2019-01-28,490,2580,0.742,0.212,212,1,4,21,2,122.8571429,122,490,0.041942857,42,1
2019-01-29,0,2580,0,0.318,318,0,0,21,6,122.8571429,0,0,0.091728571,92,1
2019-01-30,0,2580,0,0.212,212,0,0,21,5,122.8571429,0,0,0.142485714,142,1
2019-01-31,0,2580,0,0.212,212,0,0,21,5,122.8571429,0,0,0.142485714,142,1
2019-02-01,0,2580,0,0.106,106,0,0,21,4,122.8571429,0,0,0.142485714,142,0
2019-02-02,0,2580,0,0.106,106,0,0,21,4,122.8571429,0,0,0.142485714,142,0
2019-02-03,0,2580,0,0.106,106,0,0,21,4,122.8571429,0,0,0.142485714,142,0
2019-02-04,367,2947,0.742,0.106,106,3,3,24,4,122.7916667,122,122,0.100542857,101,1
2019-02-05,0,2947,0,0.106,106,0,0,24,3,122.7916667,0,0,0.050757143,51,1
2019-02-06,367,3314,0.742,0.106,106,2,3,27,3,122.7407407,122,184,0,0,1
2019-02-07,122,3436,0.742,0.212,212,1,1,28,6,122.7142857,122,122,0,0,1
2019-02-08,592,4028,0.7366,0.318,318,3,5,33,7,122.0606061,118,197,0,0,1
2019-02-09,0,4028,0,0.423228571,423,0,0,33,12,122.0606061,0,0,0,0,1
2019-02-10,0,4028,0,0.423228571,423,0,0,33,12,122.0606061,0,0,0,0,1
2019-02-11,235,4263,0.7339,0.423228571,423,2,2,35,12,121.8,117,117,0,0,1
2019-02-12,0,4263,0,0.422071429,422,0,0,35,11,121.8,0,0,0,0,1
2019-02-13,117,4380,0.7339,0.422071429,422,1,1,36,11,121.6666667,117,117,0,0,1
2019-02-14,0,4380,0,0.420914286,421,0,0,36,9,121.6666667,0,0,0,0,1
2019-02-15,225,4605,0.7254,0.314914286,315,1,2,38,8,121.1842105,112,225,0,0,1
2019-02-16,0,4605,0,0.313314286,313,0,0,38,5,121.1842105,0,0,0,0,1
2019-02-17,0,4605,0,0.313314286,313,0,0,38,5,121.1842105,0,0,0,0,1
2019-02-18,0,4605,0,0.313314286,313,0,0,38,5,121.1842105,0,0,0,0,1
2019-02-19,225,4830,0.7254,0.208471429,208,2,2,40,3,120.75,112,112,0,0,1
2019-02-20,112,4942,0.7254,0.3121,312,1,1,41,5,120.5365854,112,112,0,0,1
2019-02-21,322,5264,0.7162,0.310885714,311,3,3,44,5,119.6363636,107,107,0,0,1
2019-02-22,0,5264,0,0.4132,413,0,0,44,8,119.6363636,0,0,0,0,1
2019-02-23,0,5264,0,0.309571429,310,0,0,44,6,119.6363636,0,0,0,0,1
2019-02-24,0,5264,0,0.309571429,310,0,0,44,6,119.6363636,0,0,0,0,1
2019-02-25,215,5479,0.7162,0.309571429,310,2,2,46,6,119.1086957,107,107,0,0,1
2019-02-26,0,5479,0,0.411885714,412,0,0,46,8,119.1086957,0,0,0,0,1
2019-02-27,0,5479,0,0.308257143,308,0,0,46,6,119.1086957,0,0,0,0,1
2019-02-28,107,5586,0.7162,0.204628571,205,1,1,47,5,118.8510638,107,107,0.051471429,51,1
2019-03-01,0,5586,0,0.204628571,205,0,0,47,3,118.8510638,0,0,0.090671429,91,1
2019-03-02,0,5586,0,0.204628571,205,0,0,47,3,118.8510638,0,0,0.090671429,91,1
2019-03-03,0,5586,0,0.204628571,205,0,0,47,3,118.8510638,0,0,0.090671429,91,1
2019-03-04,0,5586,0,0.204628571,205,0,0,47,3,118.8510638,0,0,0.090671429,91,1
2019-03-05,0,5586,0,0.102314286,102,0,0,47,1,118.8510638,0,0,0.090671429,91,1
2019-03-06,0,5586,0,0.102314286,102,0,0,47,1,118.8510638,0,0,0.090671429,91,1
2019-03-07,215,5801,0.7162,0.102314286,102,2,2,49,1,118.3877551,107,107,0.0392,39,1
2019-03-08,0,5801,0,0.102314286,102,0,0,49,2,118.3877551,0,0,0,0,1
2019-03-09,0,5801,0,0.102314286,102,0,0,49,2,118.3877551,0,0,0,0,1
2019-03-10,0,5801,0,0.102314286,102,0,0,49,2,118.3877551,0,0,0.0429,43,1
2019-03-11,102,5903,0.7064,0.102314286,102,1,1,50,2,118.06,102,102,0.0429,43,1
2019-03-12,303,6206,0.7044,0.203228571,203,2,3,53,3,117.0943396,101,152,0.0858,86,1
2019-03-13,0,6206,0,0.303857143,304,0,0,53,6,117.0943396,0,0,0.0858,86,1
2019-03-14,205,6411,0.7064,0.303857143,304,2,2,55,6,116.5636364,102,102,0.0858,86,1
2019-03-15,102,6513,0.7064,0.302457143,302,1,1,56,6,116.3035714,102,102,0.0858,86,1
2019-03-16,0,6513,0,0.403371429,403,0,0,56,7,116.3035714,0,0,0.0858,86,1
2019-03-17,0,6513,0,0.403371429,403,0,0,56,7,116.3035714,0,0,0.0429,43,1
2019-03-18,0,6513,0,0.403371429,403,0,0,56,7,116.3035714,0,0,0.0429,43,1
2019-03-19,102,6615,0.7064,0.302457143,302,1,1,57,6,116.0526316,102,102,0,0,1
2019-03-20,0,6615,0,0.302742857,303,0,0,57,4,116.0526316,0,0,0,0,1
2019-03-21,0,6615,0,0.302742857,303,0,0,57,4,116.0526316,0,0,0,0,1
2019-03-22,0,6615,0,0.201828571,202,0,0,57,2,116.0526316,0,0,0,0,1
2019-03-23,0,6615,0,0.100914286,101,0,0,57,1,116.0526316,0,0,0,0,1
2019-03-24,0,6615,0,0.100914286,101,0,0,57,1,116.0526316,0,0,0,0,1
2019-03-25,0,6615,0,0.100914286,101,0,0,57,1,116.0526316,0,0,0,0,1
2019-03-26,102,6717,0.7064,0.100914286,101,1,1,58,1,115.8103448,102,102,0,0,1
2019-03-27,0,6717,0,0.100914286,101,0,0,58,1,115.8103448,0,0,0,0,1
2019-03-28,0,6717,0,0.100914286,101,0,0,58,1,115.8103448,0,0,0,0,1
2019-03-29,350,7067,0.6725,0.100914286,101,3,4,62,1,113.983871,87,117,0,0,1
2019-03-30,0,7067,0,0.196985714,197,0,0,62,5,113.983871,0,0,0,0,1
2019-03-31,0,7067,0,0.196985714,197,0,0,62,5,113.983871,0,0,0,0,1
2019-04-01,262,7329,0.6725,0.196985714,197,2,3,65,5,112.7538462,87,131,0,0,1
2019-04-02,87,7416,0.6725,0.293057143,293,1,1,66,8,112.3636364,87,87,0,0,1
2019-04-03,0,7416,0,0.288214286,288,0,0,66,8,112.3636364,0,0,0,0,1
2019-04-04,87,7503,0.6725,0.288214286,288,1,1,67,8,111.9850746,87,87,0,0,1
2019-04-05,410,7913,0.7064,0.384285714,384,4,4,71,9,111.4507042,102,102,0,0,1
2019-04-06,0,7913,0,0.389128571,389,0,0,71,9,111.4507042,0,0,0,0,1
2019-04-07,0,7913,0,0.389128571,389,0,0,71,9,111.4507042,0,0,0,0,1
2019-04-08,452,8365,0.6908,0.389128571,389,3,5,76,9,110.0657895,90,151,0,0,1
2019-04-09,0,8365,0,0.391742857,392,0,0,76,11,110.0657895,0,0,0,0,1
2019-04-10,350,8715,0.6829,0.295671429,296,2,4,80,10,108.9375,87,175,0,0,1
2019-04-11,508,9223,0.7054,0.393228571,393,4,5,85,14,108.5058824,102,127,0,0,1
2019-04-12,0,9223,0,0.397928571,398,0,0,85,18,108.5058824,0,0,0,0,1
2019-04-13,0,9223,0,0.297014286,297,0,0,85,14,108.5058824,0,0,0,0,1
2019-04-14,0,9223,0,0.297014286,297,0,0,85,14,108.5058824,0,0,0,0,1
2019-04-15,102,9325,0.7064,0.297014286,297,1,1,86,14,108.4302326,102,102,0,0,1
2019-04-16,0,9325,0,0.299242857,299,0,0,86,10,108.4302326,0,0,0,0,1
2019-04-17,303,9628,0.7044,0.299242857,299,2,3,89,10,108.1797753,101,152,0.0429,43,1
2019-04-18,0,9628,0,0.302314286,302,0,0,89,9,108.1797753,0,0,0.0429,43,1
2019-04-19,0,9628,0,0.201542857,202,0,0,89,4,108.1797753,0,0,0.0429,43,1
2019-04-20,0,9628,0,0.201542857,202,0,0,89,4,108.1797753,0,0,0.0858,86,1
2019-04-21,0,9628,0,0.201542857,202,0,0,89,4,108.1797753,0,0,0.0858,86,1
2019-04-22,102,9730,0.7064,0.201542857,202,1,1,90,4,108.1111111,102,102,0.1287,129,1
2019-04-23,0,9730,0,0.201542857,202,0,0,90,4,108.1111111,0,0,0.1287,129,1
2019-04-24,0,9730,0,0.201542857,202,0,0,90,4,108.1111111,0,0,0.131171429,131,1
2019-04-25,0,9730,0,0.100914286,101,0,0,90,1,108.1111111,0,0,0.180714286,181,0
2019-04-26,682,10412,0.6959,0.100914286,101,3,7,97,1,107.3402062,97,227,0.229542857,230,0
2019-04-27,0,10412,0,0.200328571,200,0,0,97,8,107.3402062,0,0,0.235271429,235,0
2019-04-28,0,10412,0,0.200328571,200,0,0,97,8,107.3402062,0,0,0.284071429,284,0
2019-04-29,195,10607,0.6959,0.200328571,200,1,2,99,8,107.1414141,97,195,0.289928571,290,0
2019-04-30,195,10802,0.6959,0.198828571,199,2,2,101,9,106.950495,97,97,0.338028571,338,0
2019-05-01,0,10802,0,0.298242857,298,0,0,101,11,106.950495,0,0,0.3371,337,0
2019-05-02,0,10802,0,0.298242857,298,0,0,101,11,106.950495,0,0,0.334871429,335,0
2019-05-03,292,11094,0.6959,0.298242857,298,3,3,104,11,106.6730769,97,97,0.332914286,333,0
2019-05-04,0,11094,0,0.298242857,298,0,0,104,7,106.6730769,0,0,0.3328,333,0
2019-05-05,0,11094,0,0.298242857,298,0,0,104,7,106.6730769,0,0,0.332514286,333,0
2019-05-06,330,11424,0.6594,0.298242857,298,1,4,108,7,105.7777778,82,330,0.330871429,331,0
2019-05-07,0,11424,0,0.293028571,293,0,0,108,9,105.7777778,0,0,0.331285714,331,0
2019-05-08,247,11671,0.6594,0.193614286,194,1,3,111,7,105.1441441,82,247,0.334242857,334,0
2019-05-09,0,11671,0,0.287814286,288,0,0,111,10,105.1441441,0,0,0.335442857,335,0
2019-05-10,0,11671,0,0.287814286,288,0,0,111,10,105.1441441,0,0,0.337085714,337,0
2019-05-11,0,11671,0,0.1884,188,0,0,111,7,105.1441441,0,0,0.337085714,337,0
2019-05-12,0,11671,0,0.1884,188,0,0,111,7,105.1441441,0,0,0.288571429,289,0
2019-05-13,0,11671,0,0.1884,188,0,0,111,7,105.1441441,0,0,0.241457143,241,0
2019-05-14,87,11758,0.6725,0.0942,94,1,1,112,3,104.9821429,87,87,0.192942857,193,0
2019-05-15,0,11758,0,0.190271429,190,0,0,112,4,104.9821429,0,0,0.145542857,146,1
2019-05-16,85,11843,0.6673,0.096071429,96,1,1,113,1,104.8053097,85,85,0.1465,147,0
2019-05-17,0,11843,0,0.1914,191,0,0,113,2,104.8053097,0,0,0.147457143,147,1
2019-05-18,0,11843,0,0.1914,191,0,0,113,2,104.8053097,0,0,0.147128571,147,1
2019-05-19,0,11843,0,0.1914,191,0,0,113,2,104.8053097,0,0,0.1966,197,0
2019-05-20,0,11843,0,0.1914,191,0,0,113,2,104.8053097,0,0,0.1966,197,0
2019-05-21,639,12482,0.6525,0.1914,191,4,8,121,2,103.1570248,80,160,0.246071429,246,0
2019-05-22,0,12482,0,0.188542857,189,0,0,121,9,103.1570248,0,0,0.291471429,291,0
2019-05-23,240,12722,0.6525,0.188542857,189,2,3,124,9,102.5967742,80,120,0.290642857,291,0
2019-05-24,160,12882,0.6525,0.186428571,186,1,2,126,11,102.2380952,80,160,0.2858,286,0
2019-05-25,0,12882,0,0.279642857,280,0,0,126,13,102.2380952,0,0,0.277042857,277,1
2019-05-26,0,12882,0,0.279642857,280,0,0,126,13,102.2380952,0,0,0.275071429,275,1
2019-05-27,80,12962,0.6525,0.279642857,280,1,1,127,13,102.0629921,80,80,0.323271429,323,0
2019-05-28,0,12962,0,0.372857143,373,0,0,127,14,102.0629921,0,0,0.320614286,321,1
2019-05-29,160,13122,0.6525,0.279642857,280,1,2,129,6,101.7209302,80,160,0.323328571,323,0
2019-05-30,80,13202,0.6525,0.372857143,373,1,1,130,8,101.5538462,80,80,0.321971429,322,1
2019-05-31,160,13362,0.6525,0.372857143,373,1,2,132,6,101.2272727,80,160,0.324557143,325,1
2019-06-01,0,13362,0,0.372857143,373,0,0,132,6,101.2272727,0,0,0.332157143,332,1
2019-06-02,0,13362,0,0.372857143,373,0,0,132,6,101.2272727,0,0,0.3328,333,1
2019-06-03,480,13842,0.6525,0.372857143,373,5,6,138,6,100.3043478,80,96,0.3309,331,1
2019-06-04,240,14082,0.6525,0.372857143,373,2,3,141,11,99.87234043,80,120,0.332142857,332,1
2019-06-05,480,14562,0.6525,0.466071429,466,1,6,147,14,99.06122449,80,480,0.3311,331,1
2019-06-06,160,14722,0.6525,0.466071429,466,1,2,149,18,98.80536913,80,160,0.3318,332,1
2019-06-07,228,14950,0.6408,0.466071429,466,1,3,152,19,98.35526316,76,228,0.332785714,333,1
2019-06-08,0,14950,0,0.4644,464,0,0,152,20,98.35526316,0,0,0.334171429,334,1
2019-06-09,0,14950,0,0.4644,464,0,0,152,20,98.35526316,0,0,0.332157143,332,1
2019-06-10,152,15102,0.6408,0.4644,464,2,2,154,20,98.06493506,76,76,0.332485714,332,1
2019-06-11,76,15178,0.6408,0.462728571,463,1,1,155,16,97.92258065,76,76,0.331657143,332,1
2019-06-12,152,15330,0.6408,0.461057143,461,1,2,157,14,97.6433121,76,152,0.332742857,333,1
2019-06-13,76,15406,0.6408,0.459385714,459,1,1,158,10,97.50632911,76,76,0.332371429,332,1
2019-06-14,507,15913,0.6298,0.457714286,458,2,7,165,9,96.44242424,72,254,0.331771429,332,1
2019-06-15,0,15913,0,0.456142857,456,0,0,165,13,96.44242424,0,0,0.332085714,332,1
2019-06-16,0,15913,0,0.456142857,456,0,0,165,13,96.44242424,0,0,0.3338,334,1
2019-06-17,76,15989,0.6408,0.456142857,456,1,1,166,13,96.31927711,76,76,0.332814286,333,1
2019-06-18,583,16572,0.6335,0.456142857,456,3,8,174,12,95.24137931,73,194,0.285585714,286,1
2019-06-19,369,16941,0.6371,0.4551,455,3,5,179,19,94.6424581,74,123,0.285342857,285,1
2019-06-20,0,16941,0,0.454571429,455,0,0,179,22,94.6424581,0,0,0.285528571,286,1
2019-06-21,0,16941,0,0.363028571,363,0,0,179,21,94.6424581,0,0,0.285742857,286,1
2019-06-22,0,16941,0,0.273057143,273,0,0,179,14,94.6424581,0,0,0.274171429,274,0
2019-06-23,0,16941,0,0.273057143,273,0,0,179,14,94.6424581,0,0,0.275142857,275,0
2019-06-24,202,17143,0.613,0.273057143,273,1,3,182,14,94.19230769,67,202,0.2295,230,1
2019-06-25,0,17143,0,0.269085714,269,0,0,182,16,94.19230769,0,0,0.2295,230,1
2019-06-26,0,17143,0,0.178585714,179,0,0,182,8,94.19230769,0,0,0.181585714,182,0
2019-06-27,0,17143,0,0.087571429,88,0,0,182,3,94.19230769,0,0,0.133785714,134,0
2019-06-28,131,17274,0.6058,0.087571429,88,2,2,184,3,93.88043478,65,65,0.085971429,86,1
2019-06-29,0,17274,0,0.174114286,174,0,0,184,5,93.88043478,0,0,0.095871429,96,1
2019-06-30,0,17274,0,0.174114286,174,0,0,184,5,93.88043478,0,0,0.047057143,47,1
2019-07-01,0,17274,0,0.174114286,174,0,0,184,5,93.88043478,0,0,0.047057143,47,1
2019-07-02,65,17339,0.6058,0.086542857,87,1,1,185,2,93.72432432,65,65,0.047057143,47,1
2019-07-03,65,17404,0.6058,0.173085714,173,1,1,186,3,93.56989247,65,65,0.097571429,98,1
2019-07-04,65,17469,0.6058,0.259628571,260,1,1,187,4,93.4171123,65,65,0.129642857,130,1
2019-07-05,65,17534,0.6058,0.346171429,346,1,1,188,5,93.26595745,65,65,0.129642857,130,1
2019-07-06,0,17534,0,0.346171429,346,0,0,188,4,93.26595745,0,0,0.082585714,83,1
2019-07-07,0,17534,0,0.346171429,346,0,0,188,4,93.26595745,0,0,0.082585714,83,1
2019-07-08,0,17534,0,0.346171429,346,0,0,188,4,93.26595745,0,0,0.082585714,83,1
2019-07-09,0,17534,0,0.346171429,346,0,0,188,4,93.26595745,0,0,0.082585714,83,1
2019-07-10,115,17649,0.5743,0.259628571,260,1,2,190,3,92.88947368,57,115,0.032071429,32,1
2019-07-11,172,17821,0.5743,0.255128571,255,3,3,193,4,92.33678756,57,57,0,0,1
2019-07-12,402,18223,0.5743,0.250628571,251,4,7,200,6,91.115,57,100,0,0,1
2019-07-13,0,18223,0,0.246128571,246,0,0,200,12,91.115,0,0,0,0,1
2019-07-14,0,18223,0,0.246128571,246,0,0,200,12,91.115,0,0,0,0,1
2019-07-15,402,18625,0.5743,0.246128571,246,3,7,207,12,89.97584541,57,134,0,0,1
2019-07-16,287,18912,0.5743,0.328171429,328,3,5,212,19,89.20754717,57,96,0,0,1
2019-07-17,115,19027,0.5743,0.410214286,410,2,2,214,24,88.91121495,57,57,0,0,1
2019-07-18,115,19142,0.5743,0.410214286,410,1,2,216,24,88.62037037,57,115,0,0,1
2019-07-19,115,19257,0.5743,0.410214286,410,1,2,218,23,88.33486239,57,115,0,0,1
2019-07-20,0,19257,0,0.410214286,410,0,0,218,18,88.33486239,0,0,0,0,1
2019-07-21,0,19257,0,0.410214286,410,0,0,218,18,88.33486239,0,0,0,0,1
2019-07-22,57,19314,0.5743,0.410214286,410,1,1,219,18,88.19178082,57,57,0,0,1
2019-07-23,172,19486,0.5743,0.410214286,410,1,3,222,12,87.77477477,57,172,0,0,1
2019-07-24,0,19486,0,0.410214286,410,0,0,222,10,87.77477477,0,0,0,0,1
2019-07-25,109,19595,0.5611,0.328171429,328,2,2,224,8,87.47767857,54,54,0,0,1
2019-07-26,218,19813,0.5611,0.326285714,326,2,4,228,8,86.89912281,54,109,0,0,1
2019-07-27,0,19813,0,0.3244,324,0,0,228,10,86.89912281,0,0,0,0,1
2019-07-28,0,19813,0,0.3244,324,0,0,228,10,86.89912281,0,0,0,0,1
2019-07-29,272,20085,0.5611,0.3244,324,3,5,233,10,86.20171674,54,91,0,0,1
2019-07-30,272,20357,0.5611,0.322514286,323,3,5,238,14,85.53361345,54,91,0,0,1
2019-07-31,54,20411,0.5611,0.320628571,321,1,1,239,16,85.40167364,54,54,0,0,1
2019-08-01,52,20463,0.5518,0.400785714,401,1,1,240,17,85.2625,52,52,0,0,1
2019-08-02,0,20463,0,0.399457143,399,0,0,240,16,85.2625,0,0,0,0,1
2019-08-03,0,20463,0,0.3193,319,0,0,240,12,85.2625,0,0,0,0,1
2019-08-04,0,20463,0,0.3193,319,0,0,240,12,85.2625,0,0,0,0,1
2019-08-05,286,20749,0.5283,0.3193,319,5,6,246,12,84.34552846,48,57,0,0,1
2019-08-06,0,20749,0,0.314614286,315,0,0,246,13,84.34552846,0,0,0,0,1
2019-08-07,477,21226,0.5283,0.234457143,234,4,10,256,8,82.9140625,48,119,0,0,1
2019-08-08,237,21463,0.5269,0.229771429,230,5,5,261,17,82.23371648,47,47,0,0,1
2019-08-09,47,21510,0.5269,0.226214286,226,1,1,262,21,82.09923664,47,47,0,0,1
2019-08-10,0,21510,0,0.301485714,301,0,0,262,22,82.09923664,0,0,0.050042857,50,1
2019-08-11,0,21510,0,0.301485714,301,0,0,262,22,82.09923664,0,0,0.100085714,100,1
2019-08-12,190,21700,0.5269,0.301485714,301,3,4,266,22,81.57894737,47,63,0.150128571,150,1
2019-08-13,190,21890,0.5269,0.301285714,301,1,4,270,20,81.07407407,47,190,0.200171429,200,1
2019-08-14,142,22032,0.5269,0.376557143,377,2,3,273,24,80.7032967,47,71,0.250214286,250,1
2019-08-15,95,22127,0.5269,0.376357143,376,2,2,275,17,80.46181818,47,47,0.250214286,250,1
2019-08-16,47,22174,0.5269,0.376357143,376,1,1,276,14,80.34057971,47,47,0.250214286,250,1
2019-08-17,0,22174,0,0.376357143,376,0,0,276,14,80.34057971,0,0,0.200171429,200,1
2019-08-18,0,22174,0,0.376357143,376,0,0,276,14,80.34057971,0,0,0.150128571,150,1
2019-08-19,190,22364,0.5269,0.376357143,376,4,4,280,14,79.87142857,47,47,0.100085714,100,1
2019-08-20,142,22506,0.5269,0.376357143,376,3,3,283,14,79.52650177,47,47,0.050042857,50,1
2019-08-21,332,22838,0.5269,0.376357143,376,3,7,290,13,78.75172414,47,111,0.050285714,50,1
2019-08-22,108,22946,0.5595,0.376357143,376,2,2,292,17,78.58219178,54,54,0.099742857,100,1
2019-08-23,517,23463,0.5743,0.381014286,381,5,9,301,17,77.95016611,57,103,0.1501,150,1
2019-08-24,0,23463,0,0.387785714,388,0,0,301,25,77.95016611,0,0,0.2028,203,1
2019-08-25,0,23463,0,0.387785714,388,0,0,301,25,77.95016611,0,0,0.260457143,260,1
2019-08-26,184,23647,0.5863,0.387785714,388,2,3,304,25,77.78618421,61,92,0.318114286,318,1
2019-08-27,0,23647,0,0.396271429,396,0,0,304,24,77.78618421,0,0,0.375771429,376,1
2019-08-28,72,23719,0.6298,0.321,321,1,1,305,21,77.76721311,72,72,0.378742857,379,0
2019-08-29,240,23959,0.5847,0.3357,336,1,4,309,15,77.53721683,60,240,0.3837,384,0
2019-08-30,367,24326,0.5941,0.3393,339,3,6,315,17,77.22539683,61,122,0.389914286,390,0
2019-08-31,0,24326,0,0.342128571,342,0,0,315,14,77.22539683,0,0,0.393585714,394,0
2019-09-01,0,24326,0,0.342128571,342,0,0,315,14,77.22539683,0,0,0.392428571,392,0
2019-09-02,0,24326,0,0.342128571,342,0,0,315,14,77.22539683,0,0,0.391342857,391,0
2019-09-03,442,24768,0.6059,0.258371429,258,4,7,322,11,76.91925466,63,110,0.390071429,390,0
2019-09-04,255,25023,0.6035,0.344928571,345,3,4,326,18,76.75766871,64,85,0.391657143,392,0
2019-09-05,57,25080,0.5743,0.341171429,341,1,1,327,21,76.69724771,57,57,0.393771429,394,0
2019-09-06,230,25310,0.5743,0.339685714,340,4,4,331,18,76.4652568,57,57,0.3912,391,0
2019-09-07,0,25310,0,0.336857143,337,0,0,331,16,76.4652568,0,0,0.389414286,389,0
2019-09-08,0,25310,0,0.336857143,337,0,0,331,16,76.4652568,0,0,0.389642857,390,0
2019-09-09,115,25425,0.5743,0.336857143,337,2,2,333,16,76.35135135,57,57,0.3898,390,0
2019-09-10,287,25712,0.5743,0.4189,419,4,5,338,18,76.07100592,57,72,0.389857143,390,1
2019-09-11,284,25996,0.5728,0.414385714,414,3,5,343,16,75.79008746,57,95,0.390471429,390,1
2019-09-12,50,26046,0.5398,0.41,410,1,1,344,17,75.71511628,50,50,0.390642857,391,1
2019-09-13,200,26246,0.5398,0.405071429,405,4,4,348,17,75.41954023,50,50,0.3927,393,1
2019-09-14,0,26246,0,0.400142857,400,0,0,348,17,75.41954023,0,0,0.393928571,394,1
2019-09-15,0,26246,0,0.400142857,400,0,0,348,17,75.41954023,0,0,0.393485714,393,1
2019-09-16,200,26446,0.5398,0.400142857,400,3,4,352,17,75.13068182,50,67,0.393042857,393,1
2019-09-17,549,26995,0.5398,0.395214286,395,5,11,363,19,74.36639118,50,110,0.393471429,393,1
2019-09-18,100,27095,0.5398,0.390285714,390,2,2,365,25,74.23287671,50,50,0.394657143,395,0
2019-09-19,200,27295,0.5398,0.385571429,386,3,4,369,22,73.9701897,50,67,0.395128571,395,0
2019-09-20,0,27295,0,0.385571429,386,0,0,369,25,73.9701897,0,0,0.396242857,396,0
2019-09-21,0,27295,0,0.308457143,308,0,0,369,21,73.9701897,0,0,0.340428571,340,0
2019-09-22,0,27295,0,0.308457143,308,0,0,369,21,73.9701897,0,0,0.284142857,284,1
2019-09-23,95,27390,0.527,0.308457143,308,2,2,371,21,73.82749326,47,47,0.285028571,285,1
2019-09-24,332,27722,0.527,0.306628571,307,4,7,378,19,73.33862434,47,83,0.285328571,285,1
2019-09-25,0,27722,0,0.3048,305,0,0,378,15,73.33862434,0,0,0.283842857,284,1
2019-09-26,129,27851,0.5021,0.227685714,228,3,3,381,13,73.09973753,43,43,0.280757143,281,0
2019-09-27,43,27894,0.5021,0.2223,222,1,1,382,12,73.02094241,43,43,0.277885714,278,0
2019-09-28,0,27894,0,0.294028571,294,0,0,382,13,73.02094241,0,0,0.322342857,322,0
2019-09-29,0,27894,0,0.294028571,294,0,0,382,13,73.02094241,0,0,0.3627,363,0
2019-09-30,209,28103,0.4976,0.294028571,294,4,5,387,13,72.61757106,42,52,0.353542857,354,0
2019-10-01,209,28312,0.4976,0.289828571,290,4,5,392,16,72.2244898,42,52,0.343957143,344,0
2019-10-02,0,28312,0,0.285628571,286,0,0,392,14,72.2244898,0,0,0.330985714,331,0
2019-10-03,225,28537,0.4679,0.285628571,286,3,6,398,14,71.70100503,37,75,0.324428571,324,0
2019-10-04,225,28762,0.4679,0.280742857,281,4,6,404,17,71.19306931,37,56,0.317814286,318,0
2019-10-05,0,28762,0,0.275857143,276,0,0,404,22,71.19306931,0,0,0.318857143,319,0
2019-10-06,0,28762,0,0.275857143,276,0,0,404,22,71.19306931,0,0,0.323871429,324,0
2019-10-07,561,29323,0.4679,0.275857143,276,7,15,419,22,69.98329356,37,80,0.320957143,321,0
2019-10-08,112,29435,0.4679,0.271614286,272,2,3,422,32,69.75118483,37,56,0.320042857,320,0
2019-10-09,37,29472,0.4679,0.267371429,267,1,1,423,30,69.67375887,37,37,0.323385714,323,0
2019-10-10,0,29472,0,0.334214286,334,0,0,423,31,69.67375887,0,0,0.316414286,316,1
2019-10-11,146,29618,0.4611,0.267371429,267,1,4,427,25,69.36299766,36,146,0.312857143,313,0
2019-10-12,0,29618,0,0.2664,266,0,0,427,23,69.36299766,0,0,0.309428571,309,0
2019-10-13,0,29618,0,0.2664,266,0,0,427,23,69.36299766,0,0,0.307757143,308,0
2019-10-14,0,29618,0,0.2664,266,0,0,427,23,69.36299766,0,0,0.307042857,307,0
2019-10-15,255,29873,0.4611,0.199557143,200,2,7,434,8,68.83179724,36,127,0.305914286,306,0
2019-10-16,364,30237,0.4611,0.198585714,199,1,10,444,12,68.10135135,36,364,0.302071429,302,0
2019-10-17,0,30237,0,0.197614286,198,0,0,444,21,68.10135135,0,0,0.307414286,307,0
2019-10-18,47,30284,0.527,0.197614286,198,1,1,445,21,68.05393258,47,47,0.308585714,309,0
2019-10-19,0,30284,0,0.207028571,207,0,0,445,18,68.05393258,0,0,0.308885714,309,0
2019-10-20,0,30284,0,0.207028571,207,0,0,445,18,68.05393258,0,0,0.306728571,307,0
2019-10-21,399,30683,0.4837,0.207028571,207,1,10,455,18,67.43516484,40,399,0.305757143,306,0
2019-10-22,285,30968,0.527,0.276128571,276,4,6,461,28,67.17570499,47,71,0.3029,303,0
2019-10-23,0,30968,0,0.285542857,286,0,0,461,27,67.17570499,0,0,0.306314286,306,0
2019-10-24,332,31300,0.527,0.219671429,220,6,7,468,17,66.88034188,47,55,0.307228571,307,0
2019-10-25,237,31537,0.527,0.294957143,295,3,5,473,24,66.6744186,47,79,0.309714286,310,0
2019-10-26,0,31537,0,0.294957143,295,0,0,473,28,66.6744186,0,0,0.307585714,308,0
2019-10-27,0,31537,0,0.294957143,295,0,0,473,28,66.6744186,0,0,0.310214286,310,0
2019-10-28,231,31768,0.5213,0.294957143,295,4,5,478,28,66.46025105,46,58,0.310642857,311,0
2019-10-29,589,32357,0.5157,0.300328571,300,4,13,491,23,65.90020367,45,147,0.313357143,313,0
2019-10-30,45,32402,0.5157,0.298714286,299,1,1,492,30,65.85772358,45,45,0.3143,314,0
2019-10-31,0,32402,0,0.372385714,372,0,0,492,31,65.85772358,0,0,0.314128571,314,1
2019-11-01,62,32464,0.5946,0.2971,297,1,1,493,24,65.84989858,62,62,0.309257143,309,0
2019-11-02,0,32464,0,0.306757143,307,0,0,493,20,65.84989858,0,0,0.3124,312,0
2019-11-03,0,32464,0,0.306757143,307,0,0,493,20,65.84989858,0,0,0.310714286,311,0
2019-11-04,250,32714,0.5946,0.306757143,307,4,4,497,20,65.82293763,62,62,0.311542857,312,0
